split,model,segment_type,segment,observations,WMAPE,MAE,RMSE,wmape_zero_denominator,source_run_id
test,last_value,demand_level,high,560,0.7278145695364239,7.85,10.587391422954813,False,20f4dae75fff8e79204e
test,last_value,demand_level,low,32872,1.346450438523912,1.237618642005354,1.9436497620877238,False,20f4dae75fff8e79204e
test,last_value,demand_level,medium,18144,0.9289399624765479,2.619708994708995,3.940152482747538,False,20f4dae75fff8e79204e
test,last_value,department,FOODS_1,18144,0.9862647640425418,2.0341710758377425,3.580348209051735,False,20f4dae75fff8e79204e
test,last_value,department,FOODS_2,33432,1.114037719245615,1.6661581718114382,2.6571847006974285,False,20f4dae75fff8e79204e
test,last_value,horizon,1,1842,1.12639942217407,1.6932681867535289,3.1592718962165427,False,20f4dae75fff8e79204e
test,last_value,horizon,10,1842,1.0785070785070785,1.8197611292073832,3.1639939575322766,False,20f4dae75fff8e79204e
test,last_value,horizon,11,1842,1.1264445955132563,1.799131378935939,2.96797967747534,False,20f4dae75fff8e79204e
test,last_value,horizon,12,1842,1.0393775801841854,1.776872964169381,2.894357834598447,False,20f4dae75fff8e79204e
test,last_value,horizon,13,1842,0.8825271470878578,1.9413680781758957,3.180764663355057,False,20f4dae75fff8e79204e
test,last_value,horizon,14,1842,0.9836305173925752,1.8268186753528772,2.9578104705317756,False,20f4dae75fff8e79204e
test,last_value,horizon,15,1842,1.0293488229899113,1.8279044516829532,3.009124740629547,False,20f4dae75fff8e79204e
test,last_value,horizon,16,1842,1.1076923076923078,1.798045602605863,3.0097561233136654,False,20f4dae75fff8e79204e
test,last_value,horizon,17,1842,1.2330623306233062,1.729098805646037,2.803267056297898,False,20f4dae75fff8e79204e
test,last_value,horizon,18,1842,1.318989340702724,1.8137893593919652,3.002442002846354,False,20f4dae75fff8e79204e
test,last_value,horizon,19,1842,1.0175438596491229,1.8892508143322475,3.5174452776434304,False,20f4dae75fff8e79204e
test,last_value,horizon,2,1842,1.2344937975190076,1.6748099891422368,2.7579713704727697,False,20f4dae75fff8e79204e
test,last_value,horizon,20,1842,0.937411897378066,1.8051031487513571,2.887785501582268,False,20f4dae75fff8e79204e
test,last_value,horizon,21,1842,0.8523683577783121,1.9245385450597177,3.145149480574403,False,20f4dae75fff8e79204e
test,last_value,horizon,22,1842,1.1071181755355908,1.739413680781759,2.8222783628546577,False,20f4dae75fff8e79204e
test,last_value,horizon,23,1842,1.2320483749055178,1.769815418023887,2.8582129220007135,False,20f4dae75fff8e79204e
test,last_value,horizon,24,1842,1.2983209683717298,1.8051031487513571,3.4074549425733793,False,20f4dae75fff8e79204e
test,last_value,horizon,25,1842,1.2538343558282208,1.775244299674267,2.964685378242564,False,20f4dae75fff8e79204e
test,last_value,horizon,26,1842,1.1833872707659114,1.786644951140065,2.867410200773608,False,20f4dae75fff8e79204e
test,last_value,horizon,27,1842,0.8991377057747583,1.8680781758957654,3.091703724780902,False,20f4dae75fff8e79204e
test,last_value,horizon,28,1842,0.8543335761107065,1.9104234527687296,3.168366307691978,False,20f4dae75fff8e79204e
test,last_value,horizon,3,1842,1.3444581788215904,1.771444082519001,3.1100865641460986,False,20f4dae75fff8e79204e
test,last_value,horizon,4,1842,1.2973523421588595,1.729098805646037,2.970082455707669,False,20f4dae75fff8e79204e
test,last_value,horizon,5,1842,1.1891989851395433,1.781216069489685,2.9627620121264306,False,20f4dae75fff8e79204e
test,last_value,horizon,6,1842,0.892925430210325,1.774701411509229,2.9623955150923558,False,20f4dae75fff8e79204e
test,last_value,horizon,7,1842,0.7992957746478874,1.725298588490771,2.836094330801259,False,20f4dae75fff8e79204e
test,last_value,horizon,8,1842,0.9864448552064079,1.738327904451683,2.8387729605983116,False,20f4dae75fff8e79204e
test,last_value,horizon,9,1842,1.0874172185430464,1.782844733984799,2.945026540567525,False,20f4dae75fff8e79204e
test,last_value,overall,all,51576,1.0593436509842948,1.7956219947262293,3.0143554214962904,False,20f4dae75fff8e79204e
test,last_value,store,CA_1,17192,1.1027623419505517,1.5929502093997208,2.6633903597612303,False,20f4dae75fff8e79204e
test,last_value,store,CA_2,17192,1.0628863923419531,1.860051186598418,3.035983208738361,False,20f4dae75fff8e79204e
test,last_value,store,CA_3,17192,1.0228901947512536,1.9338645881805492,3.3088024373029445,False,20f4dae75fff8e79204e
test,rolling_mean,demand_level,high,560,0.5151844843897824,5.556632653061224,8.2548995964178,False,20f4dae75fff8e79204e
test,rolling_mean,demand_level,low,32872,0.9839909222004207,0.904456245871432,1.3528852404153193,False,20f4dae75fff8e79204e
test,rolling_mean,demand_level,medium,18144,0.7161283838113107,2.0195578231292517,3.2293859494463075,False,20f4dae75fff8e79204e
test,rolling_mean,department,FOODS_1,18144,0.8182352626797071,1.687610229276896,3.0772575016430608,False,20f4dae75fff8e79204e
test,rolling_mean,department,FOODS_2,33432,0.7773015968252064,1.1625346118346838,1.860580643851164,False,20f4dae75fff8e79204e
test,rolling_mean,horizon,1,1842,0.7922406232265385,1.19094152318908,2.5040860490389267,False,20f4dae75fff8e79204e
test,rolling_mean,horizon,10,1842,0.8069957712814855,1.3616410733674575,2.484825091586861,False,20f4dae75fff8e79204e
test,rolling_mean,horizon,11,1842,0.8299990288433524,1.3256553435706528,2.205583655157836,False,20f4dae75fff8e79204e
test,rolling_mean,horizon,12,1842,0.7863720909132152,1.34434620753839,2.306664881161429,False,20f4dae75fff8e79204e
test,rolling_mean,horizon,13,1842,0.7186927090678324,1.5809678920428105,2.7438347328498165,False,20f4dae75fff8e79204e
test,rolling_mean,horizon,14,1842,0.7841483275566876,1.4563362804405149,2.427722732389204,False,20f4dae75fff8e79204e
test,rolling_mean,horizon,15,1842,0.8063938507228021,1.4319838684659532,2.4673003839876735,False,20f4dae75fff8e79204e
test,rolling_mean,horizon,16,1842,0.8252747252747252,1.3396153249573444,2.357562324310722,False,20f4dae75fff8e79204e
test,rolling_mean,horizon,17,1842,0.8763895802223328,1.2289436947417405,1.921144838796672,False,20f4dae75fff8e79204e
test,rolling_mean,horizon,18,1842,0.937905363487677,1.2897471692259965,2.1496505726981843,False,20f4dae75fff8e79204e
test,rolling_mean,horizon,19,1842,0.7794903926482875,1.4472622925391656,2.961886831827953,False,20f4dae75fff8e79204e
test,rolling_mean,horizon,2,1842,0.8412507860286972,1.1413060338141772,1.8599804120820471,False,20f4dae75fff8e79204e
test,rolling_mean,horizon,20,1842,0.720206210479681,1.3868465953156506,2.3028624235498647,False,20f4dae75fff8e79204e
test,rolling_mean,horizon,21,1842,0.7176175591660083,1.6202885062819916,2.739464255375347,False,20f4dae75fff8e79204e
test,rolling_mean,horizon,22,1842,0.8083226379701846,1.2699705289281835,2.0634826176140924,False,20f4dae75fff8e79204e
test,rolling_mean,horizon,23,1842,0.8814922794514631,1.2662478672250659,1.9763245584777536,False,20f4dae75fff8e79204e
test,rolling_mean,horizon,24,1842,0.9418196017180789,1.3094462540716612,2.6551024487339583,False,20f4dae75fff8e79204e
test,rolling_mean,horizon,25,1842,0.8705631025416302,1.23258880099271,2.073381246160436,False,20f4dae75fff8e79204e
test,rolling_mean,horizon,26,1842,0.8567319052755945,1.2934698309291142,2.0557821706753994,False,20f4dae75fff8e79204e
test,rolling_mean,horizon,27,1842,0.7203703012430476,1.4966651155576238,2.638429629292453,False,20f4dae75fff8e79204e
test,rolling_mean,horizon,28,1842,0.7109908785072659,1.5898867690398635,2.8058684383411965,False,20f4dae75fff8e79204e
test,rolling_mean,horizon,3,1842,0.9282476896815586,1.2230494803784706,2.226390058481153,False,20f4dae75fff8e79204e
test,rolling_mean,horizon,4,1842,0.9105615362234507,1.2135877152163799,2.1027053647318126,False,20f4dae75fff8e79204e
test,rolling_mean,horizon,5,1842,0.8397452493139337,1.257794322940903,2.116161723934277,False,20f4dae75fff8e79204e
test,rolling_mean,horizon,6,1842,0.683341787958013,1.3581510780207848,2.3981525458999595,False,20f4dae75fff8e79204e
test,rolling_mean,horizon,7,1842,0.6814817476286289,1.470994260896541,2.5831622231839293,False,20f4dae75fff8e79204e
test,rolling_mean,horizon,8,1842,0.7400316873514654,1.3040949278734293,2.2892330794207676,False,20f4dae75fff8e79204e
test,rolling_mean,horizon,9,1842,0.7875591296121098,1.291220722816814,2.2277656010503946,False,20f4dae75fff8e79204e
test,rolling_mean,overall,all,51576,0.7948235263358284,1.3472517671563737,2.36119399840347,False,20f4dae75fff8e79204e
test,rolling_mean,store,CA_1,17192,0.8424855325072769,1.2169779964102905,2.0794360719799263,False,20f4dae75fff8e79204e
test,rolling_mean,store,CA_2,17192,0.7898975318373045,1.3823206807152828,2.351195311129832,False,20f4dae75fff8e79204e
test,rolling_mean,store,CA_3,17192,0.7629669349202931,1.4424566243435486,2.6217432226973507,False,20f4dae75fff8e79204e
test,seasonal_naive_7,demand_level,high,560,0.6129139072847682,6.610714285714286,9.291316991071364,False,20f4dae75fff8e79204e
test,seasonal_naive_7,demand_level,low,32872,1.1320536157537646,1.0405512290094914,1.6968199968552689,False,20f4dae75fff8e79204e
test,seasonal_naive_7,demand_level,medium,18144,0.85291588492808,2.4053130511463845,3.7743331634772472,False,20f4dae75fff8e79204e
test,seasonal_naive_7,department,FOODS_1,18144,0.9559617337395115,1.9716710758377425,3.5326176024614466,False,20f4dae75fff8e79204e
test,seasonal_naive_7,department,FOODS_2,33432,0.9154816903661926,1.3691971763579804,2.2881330301840177,False,20f4dae75fff8e79204e
test,seasonal_naive_7,horizon,1,1842,0.9891657638136512,1.486970684039088,2.9414297010485635,False,20f4dae75fff8e79204e
test,seasonal_naive_7,horizon,10,1842,0.9527027027027027,1.6074918566775245,3.0601107755668746,False,20f4dae75fff8e79204e
test,seasonal_naive_7,horizon,11,1842,0.9272603670972128,1.48099891422367,2.579885443845503,False,20f4dae75fff8e79204e
test,seasonal_naive_7,horizon,12,1842,0.9066370276278184,1.5499457111834962,2.6644602707118668,False,20f4dae75fff8e79204e
test,seasonal_naive_7,horizon,13,1842,0.8316880552813426,1.8295331161780672,3.037943186704787,False,20f4dae75fff8e79204e
test,seasonal_naive_7,horizon,14,1842,0.9836305173925752,1.8268186753528772,2.9578104705317756,False,20f4dae75fff8e79204e
test,seasonal_naive_7,horizon,15,1842,0.9382451849587282,1.6661237785016287,2.89679518899635,False,20f4dae75fff8e79204e
test,seasonal_naive_7,horizon,16,1842,0.9190635451505017,1.49185667752443,2.677367238755599,False,20f4dae75fff8e79204e
test,seasonal_naive_7,horizon,17,1842,1.0344560588463028,1.4505971769815418,2.482074716210463,False,20f4dae75fff8e79204e
test,seasonal_naive_7,horizon,18,1842,1.0292143703118832,1.4153094462540716,2.496577461806724,False,20f4dae75fff8e79204e
test,seasonal_naive_7,horizon,19,1842,0.8830409356725146,1.6395222584147666,3.310070837126746,False,20f4dae75fff8e79204e
test,seasonal_naive_7,horizon,2,1842,0.9751900760304122,1.3230184581976112,2.319370351487999,False,20f4dae75fff8e79204e
test,seasonal_naive_7,horizon,20,1842,0.9227516210882436,1.776872964169381,2.9478824362181237,False,20f4dae75fff8e79204e
test,seasonal_naive_7,horizon,21,1842,0.8523683577783121,1.9245385450597177,3.145149480574403,False,20f4dae75fff8e79204e
test,seasonal_naive_7,horizon,22,1842,0.9633724948168625,1.51357220412595,2.517474218071287,False,20f4dae75fff8e79204e
test,seasonal_naive_7,horizon,23,1842,1.0,1.4364820846905537,2.332557649879389,False,20f4dae75fff8e79204e
test,seasonal_naive_7,horizon,24,1842,1.0933229207340882,1.520086862106406,3.0610863641125707,False,20f4dae75fff8e79204e
test,seasonal_naive_7,horizon,25,1842,0.9677914110429447,1.3702497285559174,2.4236439395487084,False,20f4dae75fff8e79204e
test,seasonal_naive_7,horizon,26,1842,0.9856166846458109,1.488056460369164,2.5711377220343046,False,20f4dae75fff8e79204e
test,seasonal_naive_7,horizon,27,1842,0.8918212699242226,1.8528773072747013,3.0994202813344702,False,20f4dae75fff8e79204e
test,seasonal_naive_7,horizon,28,1842,0.8543335761107065,1.9104234527687296,3.168366307691978,False,20f4dae75fff8e79204e
test,seasonal_naive_7,horizon,3,1842,1.0894107952204368,1.4353963083604777,2.751369217914946,False,20f4dae75fff8e79204e
test,seasonal_naive_7,horizon,4,1842,1.0,1.3327904451682953,2.4553559971513326,False,20f4dae75fff8e79204e
test,seasonal_naive_7,horizon,5,1842,0.9971003986951794,1.493485342019544,2.6407193110804372,False,20f4dae75fff8e79204e
test,seasonal_naive_7,horizon,6,1842,0.8361103523627424,1.6617806731813247,2.87648370816596,False,20f4dae75fff8e79204e
test,seasonal_naive_7,horizon,7,1842,0.7992957746478874,1.725298588490771,2.836094330801259,False,20f4dae75fff8e79204e
test,seasonal_naive_7,horizon,8,1842,0.8773875539125077,1.5461454940282302,2.7420797008431994,False,20f4dae75fff8e79204e
test,seasonal_naive_7,horizon,9,1842,0.9245033112582781,1.515743756786102,2.7641649796538634,False,20f4dae75fff8e79204e
test,seasonal_naive_7,overall,all,51576,0.9328094437390618,1.5811423918101442,2.789959201086239,False,20f4dae75fff8e79204e
test,seasonal_naive_7,store,CA_1,17192,0.977289200289925,1.4117031177291763,2.4714752387484804,False,20f4dae75fff8e79204e
test,seasonal_naive_7,store,CA_2,17192,0.9245496244100246,1.617961842717543,2.794601090246393,False,20f4dae75fff8e79204e
test,seasonal_naive_7,store,CA_3,17192,0.9064701719841245,1.7137622149837133,3.071421807864251,False,20f4dae75fff8e79204e
validation,last_value,demand_level,high,560,0.4536752136752137,4.739285714285714,6.254141484991023,False,20f4dae75fff8e79204e
validation,last_value,demand_level,low,32956,1.2475925529638348,1.061415220293725,1.7435052786364276,False,20f4dae75fff8e79204e
validation,last_value,demand_level,medium,18060,1.009156743192974,2.53859357696567,4.185225556264636,False,20f4dae75fff8e79204e
validation,last_value,department,FOODS_1,18144,1.1562621674237508,1.9640652557319225,3.6698819476517466,False,20f4dae75fff8e79204e
validation,last_value,department,FOODS_2,33432,0.9865151858801212,1.4311139028475712,2.409283761038959,False,20f4dae75fff8e79204e
validation,last_value,horizon,1,1842,1.1998310097169413,1.5418023887079262,2.9429980946334786,False,20f4dae75fff8e79204e
validation,last_value,horizon,10,1842,1.1466030989272944,1.5667752442996743,2.881480799188363,False,20f4dae75fff8e79204e
validation,last_value,horizon,11,1842,1.1456504389465283,1.5586319218241043,2.8505099835158934,False,20f4dae75fff8e79204e
validation,last_value,horizon,12,1842,1.0415212840195394,1.6205211726384365,2.9857606330864894,False,20f4dae75fff8e79204e
validation,last_value,horizon,13,1842,0.7977443609022556,1.728013029315961,2.936627062060939,False,20f4dae75fff8e79204e
validation,last_value,horizon,14,1842,0.853724716329551,1.8789359391965255,3.2485693836169984,False,20f4dae75fff8e79204e
validation,last_value,horizon,15,1842,1.019217801753203,1.6411509229098806,2.858117950562366,False,20f4dae75fff8e79204e
validation,last_value,horizon,16,1842,1.1572629051620649,1.5700325732899023,3.011018491496629,False,20f4dae75fff8e79204e
validation,last_value,horizon,17,1842,1.2485948984003459,1.5678610206297503,2.8297703854395206,False,20f4dae75fff8e79204e
validation,last_value,horizon,18,1842,1.2575011195700851,1.52442996742671,2.7238042630499972,False,20f4dae75fff8e79204e
validation,last_value,horizon,19,1842,1.105121293800539,1.5580890336590663,2.8809155258530192,False,20f4dae75fff8e79204e
validation,last_value,horizon,2,1842,1.217720391807658,1.484799131378936,2.7288819981498422,False,20f4dae75fff8e79204e
validation,last_value,horizon,20,1842,0.9826343381389253,1.6281216069489686,2.857548055647812,False,20f4dae75fff8e79204e
validation,last_value,horizon,21,1842,0.9683899556868538,1.779587404994571,3.0014473526351595,False,20f4dae75fff8e79204e
validation,last_value,horizon,22,1842,1.1541149068322982,1.6140065146579805,2.851842842870959,False,20f4dae75fff8e79204e
validation,last_value,horizon,23,1842,1.2411561691113029,1.5618892508143323,2.9033471267736934,False,20f4dae75fff8e79204e
validation,last_value,horizon,24,1842,1.1904953685058397,1.6047774158523345,2.963036855152931,False,20f4dae75fff8e79204e
validation,last_value,horizon,25,1842,1.3306976744186048,1.5532030401737242,2.8419266759137822,False,20f4dae75fff8e79204e
validation,last_value,horizon,26,1842,1.0956043956043957,1.6237785016286646,2.887973490092807,False,20f4dae75fff8e79204e
validation,last_value,horizon,27,1842,0.879430563625799,1.6433224755700326,2.879878903232836,False,20f4dae75fff8e79204e
validation,last_value,horizon,28,1842,0.8833605220228385,1.763843648208469,3.004611005840346,False,20f4dae75fff8e79204e
validation,last_value,horizon,3,1842,1.2627358490566039,1.4533116178067318,2.7485066520755956,False,20f4dae75fff8e79204e
validation,last_value,horizon,4,1842,1.1633072809543399,1.5352877307274702,2.840684721176369,False,20f4dae75fff8e79204e
validation,last_value,horizon,5,1842,1.0196339434276207,1.6634093376764387,2.942444639415678,False,20f4dae75fff8e79204e
validation,last_value,horizon,6,1842,0.8865521327014217,1.6248642779587406,2.9449343687902596,False,20f4dae75fff8e79204e
validation,last_value,horizon,7,1842,0.8474178403755869,1.763843648208469,3.092932646556442,False,20f4dae75fff8e79204e
validation,last_value,horizon,8,1842,0.9908906882591093,1.5944625407166124,2.883081805099684,False,20f4dae75fff8e79204e
validation,last_value,horizon,9,1842,1.1751239984738648,1.6720955483170468,3.0559388434626293,False,20f4dae75fff8e79204e
validation,last_value,overall,all,51576,1.0524716650487274,1.6186016751977663,2.915572375542764,False,20f4dae75fff8e79204e
validation,last_value,store,CA_1,17192,1.0346715328467153,1.3851791530944626,2.633344721197886,False,20f4dae75fff8e79204e
validation,last_value,store,CA_2,17192,1.1463451337421466,1.7723941368078175,3.0138794029248404,False,20f4dae75fff8e79204e
validation,last_value,store,CA_3,17192,0.9823026714218424,1.698231735691019,3.079563825454647,False,20f4dae75fff8e79204e
validation,rolling_mean,demand_level,high,560,0.4528449328449328,4.730612244897959,6.47053762394263,False,20f4dae75fff8e79204e
validation,rolling_mean,demand_level,low,32956,1.0039232470218988,0.8541085083141158,1.3192679067928967,False,20f4dae75fff8e79204e
validation,rolling_mean,demand_level,medium,18060,0.7847410673014336,1.97406264831514,3.036974853904702,False,20f4dae75fff8e79204e
validation,rolling_mean,department,FOODS_1,18144,0.9324371929174005,1.5838687326782563,2.710178015888066,False,20f4dae75fff8e79204e
validation,rolling_mean,department,FOODS_2,33432,0.7775624239675045,1.1279911462072265,1.8474619749299543,False,20f4dae75fff8e79204e
validation,rolling_mean,horizon,1,1842,1.0015691954855452,1.2870327284008065,2.2212909000006036,False,20f4dae75fff8e79204e
validation,rolling_mean,horizon,10,1842,0.9123673307225155,1.246703893283698,2.133854726165164,False,20f4dae75fff8e79204e
validation,rolling_mean,horizon,11,1842,0.8640975943450007,1.1755855436637197,1.9487324370452603,False,20f4dae75fff8e79204e
validation,rolling_mean,horizon,12,1842,0.7883560961020836,1.226617031177292,2.130162490419758,False,20f4dae75fff8e79204e
validation,rolling_mean,horizon,13,1842,0.6776942355889725,1.4679695982627579,2.419283510468799,False,20f4dae75fff8e79204e
validation,rolling_mean,horizon,14,1842,0.7255620551131158,1.5968667597332094,2.7573908225184103,False,20f4dae75fff8e79204e
validation,rolling_mean,horizon,15,1842,0.8092669299682113,1.3030867069955019,2.1927393034021456,False,20f4dae75fff8e79204e
validation,rolling_mean,horizon,16,1842,0.9275138626879325,1.258337211105941,2.3004628294197627,False,20f4dae75fff8e79204e
validation,rolling_mean,horizon,17,1842,0.9802359335433265,1.2308825810454476,2.1172896924669433,False,20f4dae75fff8e79204e
validation,rolling_mean,horizon,18,1842,0.9385835839037808,1.1378160384675042,1.8811580389147344,False,20f4dae75fff8e79204e
validation,rolling_mean,horizon,19,1842,0.8610484625116892,1.213975492477121,2.0661601353239276,False,20f4dae75fff8e79204e
validation,rolling_mean,horizon,2,1842,1.0019081541788577,1.2216534822398015,2.0328410054818993,False,20f4dae75fff8e79204e
validation,rolling_mean,horizon,20,1842,0.7647444298820446,1.267100977198697,2.112063526024845,False,20f4dae75fff8e79204e
validation,rolling_mean,horizon,21,1842,0.797678835197299,1.465875601054754,2.425222830333998,False,20f4dae75fff8e79204e
validation,rolling_mean,horizon,22,1842,0.9204747116237798,1.2872653947572512,2.161246772880496,False,20f4dae75fff8e79204e
validation,rolling_mean,horizon,23,1842,0.9670898557870086,1.2170001551109044,2.0809154131167342,False,20f4dae75fff8e79204e
validation,rolling_mean,horizon,24,1842,0.9515562971060352,1.2826896230805023,2.2400654344785647,False,20f4dae75fff8e79204e
validation,rolling_mean,horizon,25,1842,1.04265780730897,1.2170001551109044,2.0394685216782,False,20f4dae75fff8e79204e
validation,rolling_mean,horizon,26,1842,0.8386185243328101,1.242903676128432,2.1105942058559335,False,20f4dae75fff8e79204e
validation,rolling_mean,horizon,27,1842,0.6988461857723915,1.30587870327284,2.2172545981414125,False,20f4dae75fff8e79204e
validation,rolling_mean,horizon,28,1842,0.7320748854190942,1.461765162090895,2.354164491240131,False,20f4dae75fff8e79204e
validation,rolling_mean,horizon,3,1842,1.0173854447439352,1.1709322165348224,1.9798056452272688,False,20f4dae75fff8e79204e
validation,rolling_mean,horizon,4,1842,0.8888170652876534,1.173026213742826,1.987332192148774,False,20f4dae75fff8e79204e
validation,rolling_mean,horizon,5,1842,0.755550273353934,1.23258880099271,2.0572825599289466,False,20f4dae75fff8e79204e
validation,rolling_mean,horizon,6,1842,0.7122545700744753,1.3054133705599504,2.2617206622604913,False,20f4dae75fff8e79204e
validation,rolling_mean,horizon,7,1842,0.713391459870333,1.484876686831084,2.4503399428886175,False,20f4dae75fff8e79204e
validation,rolling_mean,horizon,8,1842,0.7858106805475227,1.2644640918256556,2.169305779910496,False,20f4dae75fff8e79204e
validation,rolling_mean,horizon,9,1842,0.9339401537036027,1.3289126725608809,2.2659515773238983,False,20f4dae75fff8e79204e
validation,rolling_mean,overall,all,51576,0.8377401919554494,1.288365020275211,2.1900552852602093,False,20f4dae75fff8e79204e
validation,rolling_mean,store,CA_1,17192,0.8897537117036595,1.1911686498703715,2.192480334980925,False,20f4dae75fff8e79204e
validation,rolling_mean,store,CA_2,17192,0.8436369694787361,1.3043691417935253,2.1469152670432967,False,20f4dae75fff8e79204e
validation,rolling_mean,store,CA_3,17192,0.7921885664298692,1.3695572691617364,2.229980106267065,False,20f4dae75fff8e79204e
validation,seasonal_naive_7,demand_level,high,560,0.5268376068376068,5.503571428571429,7.673935477594642,False,20f4dae75fff8e79204e
validation,seasonal_naive_7,demand_level,low,32956,1.171624224267066,0.9967835902415342,1.6846803356942635,False,20f4dae75fff8e79204e
validation,seasonal_naive_7,demand_level,medium,18060,0.9582663819858687,2.4105758582502768,4.071175994186049,False,20f4dae75fff8e79204e
validation,seasonal_naive_7,department,FOODS_1,18144,1.1231018818948735,1.9077380952380953,3.676513953473886,False,20f4dae75fff8e79204e
validation,seasonal_naive_7,department,FOODS_2,33432,0.9248231922307677,1.341618808327351,2.324216026704313,False,20f4dae75fff8e79204e
validation,seasonal_naive_7,horizon,1,1842,1.1191381495564006,1.4381107491856677,2.543753926599023,False,20f4dae75fff8e79204e
validation,seasonal_naive_7,horizon,10,1842,1.058005562177195,1.4457111834961998,2.678887577640643,False,20f4dae75fff8e79204e
validation,seasonal_naive_7,horizon,11,1842,0.9533120510774142,1.296959826275787,2.3842361410130755,False,20f4dae75fff8e79204e
validation,seasonal_naive_7,horizon,12,1842,1.0132588974180041,1.5765472312703583,3.09775583369828,False,20f4dae75fff8e79204e
validation,seasonal_naive_7,horizon,13,1842,0.8929824561403509,1.9343105320304017,3.4696606548361033,False,20f4dae75fff8e79204e
validation,seasonal_naive_7,horizon,14,1842,0.853724716329551,1.8789359391965255,3.2485693836169984,False,20f4dae75fff8e79204e
validation,seasonal_naive_7,horizon,15,1842,0.9325691166554282,1.501628664495114,2.652923325607557,False,20f4dae75fff8e79204e
validation,seasonal_naive_7,horizon,16,1842,1.0764305722288916,1.4603691639522258,3.189797797532351,False,20f4dae75fff8e79204e
validation,seasonal_naive_7,horizon,17,1842,1.1219195849546044,1.4087947882736156,2.608243009401387,False,20f4dae75fff8e79204e
validation,seasonal_naive_7,horizon,18,1842,0.9986565158978952,1.210640608034745,2.1569774162878197,False,20f4dae75fff8e79204e
validation,seasonal_naive_7,horizon,19,1842,1.1055063534847902,1.5586319218241043,2.8323591606232705,False,20f4dae75fff8e79204e
validation,seasonal_naive_7,horizon,2,1842,1.1402493321460374,1.3903365906623235,2.8001667392574796,False,20f4dae75fff8e79204e
validation,seasonal_naive_7,horizon,20,1842,1.0730668414154654,1.777958740499457,3.3481484017094743,False,20f4dae75fff8e79204e
validation,seasonal_naive_7,horizon,21,1842,0.9683899556868538,1.779587404994571,3.0014473526351595,False,20f4dae75fff8e79204e
validation,seasonal_naive_7,horizon,22,1842,1.0722049689440993,1.499457111834962,2.652104648431573,False,20f4dae75fff8e79204e
validation,seasonal_naive_7,horizon,23,1842,1.143658326143227,1.4391965255157437,2.881198176383584,False,20f4dae75fff8e79204e
validation,seasonal_naive_7,horizon,24,1842,1.035440998791784,1.3957654723127035,2.619665874543047,False,20f4dae75fff8e79204e
validation,seasonal_naive_7,horizon,25,1842,1.110232558139535,1.295874049945711,2.3917384043840224,False,20f4dae75fff8e79204e
validation,seasonal_naive_7,horizon,26,1842,1.0893772893772893,1.6145494028230185,3.038836568046465,False,20f4dae75fff8e79204e
validation,seasonal_naive_7,horizon,27,1842,0.9328878558977339,1.743213897937025,3.310972774972995,False,20f4dae75fff8e79204e
validation,seasonal_naive_7,horizon,28,1842,0.8833605220228385,1.763843648208469,3.004611005840346,False,20f4dae75fff8e79204e
validation,seasonal_naive_7,horizon,3,1842,1.1358490566037736,1.3072747014115091,2.4512621668521315,False,20f4dae75fff8e79204e
validation,seasonal_naive_7,horizon,4,1842,1.006993006993007,1.3289902280130292,2.450819181004681,False,20f4dae75fff8e79204e
validation,seasonal_naive_7,horizon,5,1842,0.9687188019966723,1.5803474484256244,2.8924815490164586,False,20f4dae75fff8e79204e
validation,seasonal_naive_7,horizon,6,1842,0.9795616113744076,1.795331161780673,3.5018995930842207,False,20f4dae75fff8e79204e
validation,seasonal_naive_7,horizon,7,1842,0.8474178403755869,1.763843648208469,3.092932646556442,False,20f4dae75fff8e79204e
validation,seasonal_naive_7,horizon,8,1842,0.9062078272604588,1.4581976112920738,2.516827191060882,False,20f4dae75fff8e79204e
validation,seasonal_naive_7,horizon,9,1842,1.0522701259061427,1.49728555917481,3.037943186704787,False,20f4dae75fff8e79204e
validation,seasonal_naive_7,overall,all,51576,1.0018658833318626,1.5407747789669615,2.873445520233121,False,20f4dae75fff8e79204e
validation,seasonal_naive_7,store,CA_1,17192,1.059784497740702,1.4187994416007446,2.7715902338519367,False,20f4dae75fff8e79204e
validation,seasonal_naive_7,store,CA_2,17192,1.0154997930852865,1.5700907398790136,2.9245097189655347,False,20f4dae75fff8e79204e
validation,seasonal_naive_7,store,CA_3,17192,0.9448220173608775,1.633434155421126,2.9215745673413958,False,20f4dae75fff8e79204e
