split,segment_type,segment,observations_ml,WMAPE_ml,WMAPE_baseline,WMAPE_delta_pp,WMAPE_relative_improvement_pct,MAE_ml,MAE_baseline,MAE_delta,RMSE_ml,RMSE_baseline,RMSE_delta
test,overall,all,51576,0.7482595835083166,0.7948235263358284,-4.6563942827511795,5.858400171189409,1.2683243673229323,1.3472517671563735,-0.0789273998334412,2.4311766199741083,2.36119399840347,0.069982621570638
test,store,CA_1,17192,0.776879256265062,0.8424855325072769,-6.560627624221479,7.787228825991519,1.1222091350678542,1.2169779964102905,-0.0947688613424362,2.1086716209652474,2.0794360719799263,0.0292355489853211
test,store,CA_2,17192,0.7458399945237432,0.7898975318373045,-4.40575373135613,5.577626912073434,1.3052199904165505,1.3823206807152828,-0.0771006902987323,2.4359105369798555,2.351195311129832,0.0847152258500236
test,store,CA_3,17192,0.7286323122087094,0.7629669349202931,-3.4334622711583695,4.500145568584914,1.3775439764843929,1.4424566243435486,-0.0649126478591557,2.71140242739666,2.6217432226973507,0.0896592046993092
test,department,FOODS_1,18144,0.7733104177344632,0.8182352626797071,-4.4924844945243905,5.490455739846242,1.5949527365773302,1.687610229276896,-0.0926574926995658,3.1397430216797173,3.0772575016430608,0.0624855200366565
test,department,FOODS_2,33432,0.7295109121135274,0.7773015968252064,-4.7790684711679,6.148280784044989,1.0910587196873798,1.1625346118346838,-0.0714758921473039,1.94121879473706,1.860580643851164,0.0806381508858959
test,demand_level,high,560,0.505976405232636,0.5151844843897824,-0.92080791571463,1.7873362719867287,5.457316942152002,5.556632653061224,-0.0993157109092219,8.308153268592537,8.2548995964178,0.0532536721747369
test,demand_level,low,32872,0.8833476802290763,0.9839909222004208,-10.06432419713445,10.228066103118518,0.8119478631699178,0.904456245871432,-0.0925083827015141,1.405946220856418,1.352885240415319,0.0530609804410988
test,demand_level,medium,18144,0.6970889994395111,0.7161283838113107,-1.9039384371799601,2.658655180020938,1.965864744451108,2.019557823129252,-0.0536930786781442,3.3301432539925195,3.2293859494463075,0.100757304546212
test,horizon,1,1842,0.7142353690995772,0.7922406232265385,-7.80052541269613,9.846156816507504,1.07367955322298,1.19094152318908,-0.1172619699661001,2.47766824768936,2.5040860490389267,-0.0264178013495666
test,horizon,2,1842,0.728902039887999,0.8412507860286972,-11.23487461406982,13.354964774661823,0.9888850150272038,1.1413060338141772,-0.1524210187869733,1.739962454191695,1.8599804120820471,-0.1200179578903521
test,horizon,3,1842,0.7809846206747442,0.9282476896815586,-14.72630690068144,15.864630813930058,1.029017195644736,1.2230494803784706,-0.1940322847337345,2.092203859837533,2.226390058481153,-0.1341861986436199
test,horizon,4,1842,0.7789719026411508,0.9105615362234508,-13.15896335823,14.451481678884363,1.0382063088946931,1.21358771521638,-0.1753814063216869,1.9712837006884107,2.102705364731813,-0.1314216640434022
test,horizon,5,1842,0.7531853819278145,0.8397452493139337,-8.65598673861192,10.30787223349439,1.1281424911720086,1.257794322940903,-0.1296518317688944,2.095071416689528,2.116161723934277,-0.0210903072447488
test,horizon,6,1842,0.670231473581024,0.683341787958013,-1.3110314376989,1.918558854152003,1.332094150260656,1.3581510780207848,-0.0260569277601288,2.4401035744709567,2.3981525458999595,0.0419510285709971
test,horizon,7,1842,0.6653392886719104,0.6814817476286289,-1.6142458956718502,2.368729465299676,1.4361503864058174,1.470994260896541,-0.0348438744907235,2.6382661879621043,2.5831622231839293,0.055103964778175
test,horizon,8,1842,0.7135833286272679,0.7400316873514654,-2.64483587241974,3.5739494911163567,1.2574872338350227,1.3040949278734293,-0.0466076940384065,2.375513926895299,2.289233079420768,0.0862808474745309
test,horizon,9,1842,0.7343128585116098,0.7875591296121098,-5.32462711005,6.76092360540916,1.2039222761699575,1.291220722816814,-0.0872984466468564,2.28658868996376,2.2277656010503946,0.0588230889133654
test,horizon,10,1842,0.7576490756106217,0.8069957712814855,-4.93466956708638,6.114864219486889,1.2783785705742736,1.3616410733674575,-0.0832625027931839,2.5512625500354806,2.484825091586861,0.0664374584486195
test,horizon,11,1842,0.7643563968292998,0.8299990288433524,-6.56426320140526,7.908760098855671,1.2208124427099891,1.3256553435706528,-0.1048429008606637,2.2843311348529887,2.205583655157836,0.0787474796951528
test,horizon,12,1842,0.748967934766384,0.7863720909132152,-3.74041561468312,4.7565467517284,1.280401751671739,1.34434620753839,-0.0639444558666511,2.414135422275044,2.306664881161429,0.1074705411136149
test,horizon,13,1842,0.7198622529025064,0.7186927090678324,0.11695438346739,-0.1627321134495537,1.5835406345064909,1.5809678920428103,0.0025727424636805,2.8786256415087688,2.7438347328498165,0.1347909086589522
test,horizon,14,1842,0.7551474715575891,0.7841483275566876,-2.90008559990985,3.698389064918587,1.4024752986962608,1.4563362804405149,-0.0538609817442541,2.4593291338571133,2.427722732389204,0.0316064014679091
test,horizon,15,1842,0.7639695666436258,0.8063938507228021,-4.24242840791763,5.260988044632256,1.356647368344897,1.4319838684659532,-0.0753365001210562,2.57621116631416,2.467300383987673,0.1089107823264869
test,horizon,16,1842,0.765008061019101,0.8252747252747252,-6.02666642556242,7.302618438431163,1.2417883292329597,1.3396153249573444,-0.0978269957243846,2.382718257748989,2.357562324310722,0.0251559334382669
test,horizon,17,1842,0.7564565846218474,0.8763895802223328,-11.99329956004854,13.684895200381025,1.0607640380446428,1.2289436947417405,-0.1681796566970976,1.8547605138326475,1.921144838796672,-0.0663843249640245
test,horizon,18,1842,0.7992417956587415,0.937905363487677,-13.86635678289354,14.784387980606455,1.0990659437587365,1.2897471692259963,-0.1906812254672598,2.0786570220462828,2.1496505726981843,-0.0709935506519015
test,horizon,19,1842,0.7770992866914672,0.7794903926482875,-0.23911059568202,0.3067524602447699,1.442822779850607,1.4472622925391656,-0.0044395126885585,3.202348365508473,2.961886831827953,0.24046153368052
test,horizon,20,1842,0.7179786183609047,0.720206210479681,-0.22275921187763,0.3092992099155425,1.3825570897535988,1.3868465953156506,-0.0042895055620517,2.452617088666816,2.3028624235498647,0.149754665116951
test,horizon,21,1842,0.7442205506112792,0.7176175591660083,2.66029914452708,-3.707126603226937,1.6803546525473998,1.6202885062819916,0.0600661462654081,2.953358652313732,2.739464255375347,0.213894396938385
test,horizon,22,1842,0.7797958210676355,0.8083226379701846,-2.85268169025491,3.529137446179174,1.2251515234363393,1.2699705289281835,-0.0448190054918442,2.203645425675478,2.0634826176140924,0.1401628080613854
test,horizon,23,1842,0.7842787014684197,0.8814922794514631,-9.721357798304341,11.028296021326211,1.126602304063756,1.266247867225066,-0.13964556316131,2.0248413624142367,1.9763245584777536,0.0485168039364831
test,horizon,24,1842,0.8228489774766821,0.9418196017180788,-11.897062424139671,12.63199704320966,1.144037041974909,1.3094462540716612,-0.165409212096752,2.6232218561008933,2.6551024487339583,-0.0318805926330649
test,horizon,25,1842,0.7791564186184151,0.8705631025416302,-9.140668392321501,10.499719509861032,1.103170434178516,1.23258880099271,-0.1294183668141939,2.0878460761923217,2.073381246160436,0.0144648300318857
test,horizon,26,1842,0.7868334011649664,0.8567319052755945,-6.98985041106281,8.158737135877193,1.1879390274917323,1.2934698309291142,-0.1055308034373818,2.213328495646269,2.0557821706754,0.1575463249708693
test,horizon,27,1842,0.743478581936512,0.7203703012430476,2.31082806934643,-3.207833617458893,1.5446756422752612,1.4966651155576238,0.0480105267176373,2.9030729799292203,2.638429629292453,0.2646433506367671
test,horizon,28,1842,0.7442738965741517,0.7109908785072659,3.3283018066885703,-4.681215902061053,1.6643128012969222,1.5898867690398637,0.0744260322570584,3.06780868241765,2.8058684383411965,0.2619402440764533
validation,overall,all,51576,0.7273099643647677,0.8377401919554494,-11.04302275906816,13.1819182905521,1.1185337960184778,1.288365020275211,-0.1698312242567332,2.041507653922988,2.1900552852602093,-0.1485476313372213
validation,store,CA_1,17192,0.7438060684981942,0.8897537117036595,-14.594764320546519,16.403150814174346,0.99577945978097,1.1911686498703715,-0.1953891900894014,1.8696529173555752,2.192480334980925,-0.3228274176253498
validation,store,CA_2,17192,0.7455676227807467,0.8436369694787361,-9.806934669798931,11.624590937329854,1.152741564747268,1.3043691417935253,-0.1516275770462571,2.106854153070989,2.1469152670432967,-0.0400611139723077
validation,store,CA_3,17192,0.6982075772074403,0.7921885664298692,-9.39809892224289,11.863461959059828,1.2070803635271952,1.3695572691617364,-0.1624769056345412,2.1374807717005866,2.229980106267065,-0.0924993345664786
validation,department,FOODS_1,18144,0.7476017416810246,0.9324371929174003,-18.48354512363758,19.822831247010264,1.2699011066252852,1.5838687326782563,-0.3139676260529711,2.3332179451262216,2.710178015888066,-0.3769600707618443
validation,department,FOODS_2,33432,0.7144150061823921,0.7775624239675045,-6.31474177851124,8.1212023419166,1.0363847028248334,1.1279911462072263,-0.0916064433823928,1.8641803121879053,1.8474619749299543,0.0167183372579509
validation,demand_level,high,560,0.4137441727959883,0.4528449328449328,-3.91007600489445,8.634470038849647,4.322148947958093,4.730612244897959,-0.4084632969398658,6.029056475669819,6.47053762394263,-0.4414811482728114
validation,demand_level,low,32956,0.8797385017884894,1.0039232470218988,-12.418474523340931,12.369944176688689,0.7484557626273112,0.8541085083141158,-0.1056527456868046,1.360795359512421,1.3192679067928967,0.0415274527195241
validation,demand_level,medium,18060,0.673614658260809,0.7847410673014336,-11.11264090406245,14.160901432464325,1.694517582472138,1.97406264831514,-0.2795450658430021,2.7195773921667508,3.036974853904702,-0.3173974617379511
validation,horizon,1,1842,0.7975855526019165,1.0015691954855452,-20.39836428836287,20.366405416925847,1.0249104250861762,1.2870327284008063,-0.26212230331463,1.909211829395076,2.221290900000604,-0.3120790706055281
validation,horizon,2,1842,0.7921970688248325,1.0019081541788577,-20.97110853540251,20.93116863849659,0.9659471316941226,1.2216534822398015,-0.2557063505456789,1.6638495403889966,2.0328410054819,-0.3689914650929031
validation,horizon,3,1842,0.7741606035625503,1.0173854447439352,-24.32248411813848,23.90685284893199,0.8909991745671046,1.1709322165348224,-0.2799330419677177,1.5471731430617877,1.9798056452272688,-0.4326325021654811
validation,horizon,4,1842,0.7188169251456816,0.8888170652876534,-17.00001401419717,19.12656122179129,0.9486666368236438,1.173026213742826,-0.2243595769191821,1.8390334063532807,1.987332192148774,-0.1482987857954933
validation,horizon,5,1842,0.6907823117030077,0.755550273353934,-6.47679616509262,8.572290148664402,1.1269277126316712,1.23258880099271,-0.1056610883610387,2.0188820759273063,2.0572825599289466,-0.0384004840016403
validation,horizon,6,1842,0.6620760105034084,0.7122545700744753,-5.01785595710669,7.04503160517737,1.2134465860257908,1.3054133705599504,-0.0919667845341596,2.1434516059019084,2.261720662260492,-0.1182690563585833
validation,horizon,7,1842,0.6610102637809018,0.713391459870333,-5.23811960894312,7.342560015920591,1.3758487249380986,1.484876686831084,-0.1090279618929854,2.3130897839561664,2.450339942888617,-0.1372501589324506
validation,horizon,8,1842,0.7014864054646576,0.7858106805475227,-8.432427508286509,10.73086395620268,1.1287761703568109,1.2644640918256556,-0.1356879214688446,1.9873221214550127,2.169305779910496,-0.1819836584554826
validation,horizon,9,1842,0.7603994614670103,0.9339401537036028,-17.35406922365925,18.581564519782685,1.0819799068974127,1.3289126725608809,-0.2469327656634681,1.9512398413137872,2.2659515773238983,-0.314711736010111
validation,horizon,10,1842,0.7532442799740109,0.9123673307225156,-15.912305074850469,17.440678265243573,1.0292702783358223,1.246703893283698,-0.2174336149478757,1.8926770320418904,2.133854726165164,-0.2411776941232735
validation,horizon,11,1842,0.7275880071231648,0.8640975943450007,-13.650958722183578,15.797936264978516,0.989867288735424,1.1755855436637197,-0.1857182549282957,1.798309538547408,1.9487324370452603,-0.1504228984978524
validation,horizon,12,1842,0.6999983804103046,0.7883560961020836,-8.83577156917789,11.2078432739534,1.0891397167513208,1.226617031177292,-0.1374773144259711,2.041905508663144,2.130162490419758,-0.0882569817566141
validation,horizon,13,1842,0.65884336573984,0.6776942355889725,-1.88508698491324,2.78161873883278,1.4271362808371129,1.467969598262758,-0.0408333174256452,2.440388254623284,2.419283510468799,0.0211047441544849
validation,horizon,14,1842,0.697449455511157,0.7255620551131158,-2.81125996019587,3.874596170492405,1.53499462141272,1.5968667597332094,-0.0618721383204894,2.7603302091119293,2.7573908225184103,0.002939386593519
validation,horizon,15,1842,0.7236553017361046,0.8092669299682113,-8.56116282321066,10.578910994851793,1.1652343240767025,1.303086706995502,-0.1378523829187996,2.130068158428384,2.1927393034021456,-0.0626711449737618
validation,horizon,16,1842,0.7654564611716865,0.9275138626879325,-16.20574015162459,17.472234975184527,1.0384775768013272,1.258337211105941,-0.2198596343046137,2.1527044218952733,2.3004628294197627,-0.1477584075244893
validation,horizon,17,1842,0.7667437311878259,0.9802359335433264,-21.34922023555004,21.779675183277103,0.9628003530062116,1.2308825810454476,-0.268082228039236,1.7754219837513368,2.117289692466944,-0.341867708715607
validation,horizon,18,1842,0.7492950312659206,0.9385835839037808,-18.92885526378602,20.16746892701516,0.9083473424629752,1.1378160384675042,-0.229468696004529,1.617360469087077,1.8811580389147344,-0.2637975698276573
validation,horizon,19,1842,0.7529505901012163,0.8610484625116892,-10.80978724104728,12.554214671628356,1.0615704030905857,1.213975492477121,-0.1524050893865354,2.043731952691848,2.066160135323928,-0.0224281826320802
validation,horizon,20,1842,0.724600040882626,0.7647444298820446,-4.01443889994186,5.249386256479249,1.2005859526459144,1.267100977198697,-0.0665150245527825,2.113498231969158,2.112063526024845,0.0014347059443129
validation,horizon,21,1842,0.7368446107325254,0.797678835197299,-6.0834224464773605,7.626405738811759,1.354081980092073,1.465875601054754,-0.111793620962681,2.2891460659841925,2.425222830333998,-0.1360767643498057
validation,horizon,22,1842,0.7653460221604959,0.9204747116237798,-15.512868946328389,16.853118016640178,1.0703210385914426,1.2872653947572512,-0.2169443561658086,1.892471048382064,2.161246772880496,-0.2687757244984319
validation,horizon,23,1842,0.7612550925144784,0.9670898557870086,-20.58347632725301,21.28393365319955,0.957974649537764,1.2170001551109044,-0.2590255055731404,1.794273609774833,2.0809154131167342,-0.2866418033419011
validation,horizon,24,1842,0.788947811088021,0.9515562971060352,-16.26084860180141,17.088687922359902,1.0634947963797807,1.2826896230805025,-0.2191948267007217,2.096308593444428,2.2400654344785647,-0.1437568410341367
validation,horizon,25,1842,0.7829241111343683,1.04265780730897,-25.97336961746017,24.91073239502776,0.913836503224154,1.2170001551109044,-0.3031636518867504,1.6782618270698115,2.0394685216782,-0.3612066946083885
validation,horizon,26,1842,0.7356159794707826,0.8386185243328101,-10.30025448620275,12.282407539706387,1.0902451813003455,1.242903676128432,-0.1526584948280864,2.065528900370171,2.110594205855933,-0.0450653054857621
validation,horizon,27,1842,0.6909574202853842,0.6988461857723915,-0.78887654870073,1.1288271507539784,1.2911375899143824,1.30587870327284,-0.0147411133584576,2.3031192898898114,2.2172545981414125,0.0858646917483989
validation,horizon,28,1842,0.7076164409237347,0.7320748854190942,-2.44584444953595,3.340975763887552,1.4129279423004866,1.461765162090895,-0.0488372197904083,2.4008394898903185,2.354164491240131,0.0466749986501873
