feature,gain,splits,gain_pct
item_id,2807717.937477112,2587,35.65622212075742
rolling_mean_28,1641105.2550735474,945,20.840987165193717
rolling_mean_14,1115316.8479614258,317,14.163810664567446
rolling_mean_7,1022898.5293884276,844,12.990157125128672
day_of_week,544624.4614715576,624,6.9163823443308585
lag_1,387634.62213134766,315,4.922711788076067
day_of_month,181990.0377502441,195,2.3111570871034584
lag_28,78362.9712524414,68,0.9951596176111107
rolling_std_28,43131.05035400391,29,0.5477367548913461
rolling_std_7,35382.164947509766,38,0.4493308660539089
sell_price_lag_1,10556.584014892578,24,0.1340618654912573
price_change_pct_lag_1,1758.8620300292969,4,0.022336422895400672
lag_14,1424.040985107422,3,0.018084409760788647
dept_id,1143.635986328125,3,0.01452344561022684
week_of_year,622.9979858398438,1,0.007911675979763918
event_1,435.7480010986328,2,0.005533720929891504
lag_7,306.5450134277344,1,0.0038929256186649853
cat_id,0.0,0,0.0
event_2,0.0,0,0.0
month,0.0,0,0.0
price_missing_lag_1,0.0,0,0.0
snap,0.0,0,0.0
state_id,0.0,0,0.0
store_id,0.0,0,0.0
weekend,0.0,0,0.0
year,0.0,0,0.0
