forecast_origin,target_date,store_id,item_id,dept_id,model,split,horizon,predicted_units,actual_units,demand_level,training_start,training_end,source_run_id
2020-01-28,2020-01-29,SYN_A,SYN_ITEM1,SYN_D1,last_value,validation,1,7.0,1.0,medium,2020-01-01,2020-01-28,synthetic-web-v1
2020-01-28,2020-01-29,SYN_A,SYN_ITEM1,SYN_D1,lightgbm_global_v1,validation,1,0.9,1.0,medium,2020-01-01,2020-01-28,synthetic-web-v1
2020-01-28,2020-01-29,SYN_A,SYN_ITEM1,SYN_D1,rolling_mean,validation,1,4.0,1.0,medium,2020-01-01,2020-01-28,synthetic-web-v1
2020-01-28,2020-01-29,SYN_A,SYN_ITEM1,SYN_D1,seasonal_naive_7,validation,1,1.0,1.0,medium,2020-01-01,2020-01-28,synthetic-web-v1
2020-01-28,2020-01-29,SYN_A,SYN_ITEM2,SYN_D2,last_value,validation,1,8.0,2.0,medium,2020-01-01,2020-01-28,synthetic-web-v1
2020-01-28,2020-01-29,SYN_A,SYN_ITEM2,SYN_D2,lightgbm_global_v1,validation,1,1.8,2.0,medium,2020-01-01,2020-01-28,synthetic-web-v1
2020-01-28,2020-01-29,SYN_A,SYN_ITEM2,SYN_D2,rolling_mean,validation,1,5.0,2.0,medium,2020-01-01,2020-01-28,synthetic-web-v1
2020-01-28,2020-01-29,SYN_A,SYN_ITEM2,SYN_D2,seasonal_naive_7,validation,1,2.0,2.0,medium,2020-01-01,2020-01-28,synthetic-web-v1
2020-01-28,2020-01-29,SYN_B,SYN_ITEM1,SYN_D1,last_value,validation,1,8.0,2.0,medium,2020-01-01,2020-01-28,synthetic-web-v1
2020-01-28,2020-01-29,SYN_B,SYN_ITEM1,SYN_D1,lightgbm_global_v1,validation,1,1.8,2.0,medium,2020-01-01,2020-01-28,synthetic-web-v1
2020-01-28,2020-01-29,SYN_B,SYN_ITEM1,SYN_D1,rolling_mean,validation,1,5.0,2.0,medium,2020-01-01,2020-01-28,synthetic-web-v1
2020-01-28,2020-01-29,SYN_B,SYN_ITEM1,SYN_D1,seasonal_naive_7,validation,1,2.0,2.0,medium,2020-01-01,2020-01-28,synthetic-web-v1
2020-01-28,2020-01-29,SYN_B,SYN_ITEM2,SYN_D2,last_value,validation,1,9.0,3.0,medium,2020-01-01,2020-01-28,synthetic-web-v1
2020-01-28,2020-01-29,SYN_B,SYN_ITEM2,SYN_D2,lightgbm_global_v1,validation,1,2.7,3.0,medium,2020-01-01,2020-01-28,synthetic-web-v1
2020-01-28,2020-01-29,SYN_B,SYN_ITEM2,SYN_D2,rolling_mean,validation,1,6.0,3.0,medium,2020-01-01,2020-01-28,synthetic-web-v1
2020-01-28,2020-01-29,SYN_B,SYN_ITEM2,SYN_D2,seasonal_naive_7,validation,1,3.0,3.0,medium,2020-01-01,2020-01-28,synthetic-web-v1
2020-01-28,2020-01-29,SYN_C,SYN_ITEM1,SYN_D1,last_value,validation,1,9.0,3.0,medium,2020-01-01,2020-01-28,synthetic-web-v1
2020-01-28,2020-01-29,SYN_C,SYN_ITEM1,SYN_D1,lightgbm_global_v1,validation,1,2.7,3.0,medium,2020-01-01,2020-01-28,synthetic-web-v1
2020-01-28,2020-01-29,SYN_C,SYN_ITEM1,SYN_D1,rolling_mean,validation,1,6.0,3.0,medium,2020-01-01,2020-01-28,synthetic-web-v1
2020-01-28,2020-01-29,SYN_C,SYN_ITEM1,SYN_D1,seasonal_naive_7,validation,1,3.0,3.0,medium,2020-01-01,2020-01-28,synthetic-web-v1
2020-01-28,2020-01-29,SYN_C,SYN_ITEM2,SYN_D2,last_value,validation,1,10.0,4.0,medium,2020-01-01,2020-01-28,synthetic-web-v1
2020-01-28,2020-01-29,SYN_C,SYN_ITEM2,SYN_D2,lightgbm_global_v1,validation,1,3.6,4.0,medium,2020-01-01,2020-01-28,synthetic-web-v1
2020-01-28,2020-01-29,SYN_C,SYN_ITEM2,SYN_D2,rolling_mean,validation,1,7.0,4.0,medium,2020-01-01,2020-01-28,synthetic-web-v1
2020-01-28,2020-01-29,SYN_C,SYN_ITEM2,SYN_D2,seasonal_naive_7,validation,1,4.0,4.0,medium,2020-01-01,2020-01-28,synthetic-web-v1
2020-01-28,2020-01-30,SYN_A,SYN_ITEM1,SYN_D1,last_value,validation,2,7.0,2.0,medium,2020-01-01,2020-01-28,synthetic-web-v1
2020-01-28,2020-01-30,SYN_A,SYN_ITEM1,SYN_D1,lightgbm_global_v1,validation,2,1.8,2.0,medium,2020-01-01,2020-01-28,synthetic-web-v1
2020-01-28,2020-01-30,SYN_A,SYN_ITEM1,SYN_D1,rolling_mean,validation,2,4.0,2.0,medium,2020-01-01,2020-01-28,synthetic-web-v1
2020-01-28,2020-01-30,SYN_A,SYN_ITEM1,SYN_D1,seasonal_naive_7,validation,2,2.0,2.0,medium,2020-01-01,2020-01-28,synthetic-web-v1
2020-01-28,2020-01-30,SYN_A,SYN_ITEM2,SYN_D2,last_value,validation,2,8.0,3.0,medium,2020-01-01,2020-01-28,synthetic-web-v1
2020-01-28,2020-01-30,SYN_A,SYN_ITEM2,SYN_D2,lightgbm_global_v1,validation,2,2.7,3.0,medium,2020-01-01,2020-01-28,synthetic-web-v1
2020-01-28,2020-01-30,SYN_A,SYN_ITEM2,SYN_D2,rolling_mean,validation,2,5.0,3.0,medium,2020-01-01,2020-01-28,synthetic-web-v1
2020-01-28,2020-01-30,SYN_A,SYN_ITEM2,SYN_D2,seasonal_naive_7,validation,2,3.0,3.0,medium,2020-01-01,2020-01-28,synthetic-web-v1
2020-01-28,2020-01-30,SYN_B,SYN_ITEM1,SYN_D1,last_value,validation,2,8.0,3.0,medium,2020-01-01,2020-01-28,synthetic-web-v1
2020-01-28,2020-01-30,SYN_B,SYN_ITEM1,SYN_D1,lightgbm_global_v1,validation,2,2.7,3.0,medium,2020-01-01,2020-01-28,synthetic-web-v1
2020-01-28,2020-01-30,SYN_B,SYN_ITEM1,SYN_D1,rolling_mean,validation,2,5.0,3.0,medium,2020-01-01,2020-01-28,synthetic-web-v1
2020-01-28,2020-01-30,SYN_B,SYN_ITEM1,SYN_D1,seasonal_naive_7,validation,2,3.0,3.0,medium,2020-01-01,2020-01-28,synthetic-web-v1
2020-01-28,2020-01-30,SYN_B,SYN_ITEM2,SYN_D2,last_value,validation,2,9.0,4.0,medium,2020-01-01,2020-01-28,synthetic-web-v1
2020-01-28,2020-01-30,SYN_B,SYN_ITEM2,SYN_D2,lightgbm_global_v1,validation,2,3.6,4.0,medium,2020-01-01,2020-01-28,synthetic-web-v1
2020-01-28,2020-01-30,SYN_B,SYN_ITEM2,SYN_D2,rolling_mean,validation,2,6.0,4.0,medium,2020-01-01,2020-01-28,synthetic-web-v1
2020-01-28,2020-01-30,SYN_B,SYN_ITEM2,SYN_D2,seasonal_naive_7,validation,2,4.0,4.0,medium,2020-01-01,2020-01-28,synthetic-web-v1
2020-01-28,2020-01-30,SYN_C,SYN_ITEM1,SYN_D1,last_value,validation,2,9.0,4.0,medium,2020-01-01,2020-01-28,synthetic-web-v1
2020-01-28,2020-01-30,SYN_C,SYN_ITEM1,SYN_D1,lightgbm_global_v1,validation,2,3.6,4.0,medium,2020-01-01,2020-01-28,synthetic-web-v1
2020-01-28,2020-01-30,SYN_C,SYN_ITEM1,SYN_D1,rolling_mean,validation,2,6.0,4.0,medium,2020-01-01,2020-01-28,synthetic-web-v1
2020-01-28,2020-01-30,SYN_C,SYN_ITEM1,SYN_D1,seasonal_naive_7,validation,2,4.0,4.0,medium,2020-01-01,2020-01-28,synthetic-web-v1
2020-01-28,2020-01-30,SYN_C,SYN_ITEM2,SYN_D2,last_value,validation,2,10.0,5.0,medium,2020-01-01,2020-01-28,synthetic-web-v1
2020-01-28,2020-01-30,SYN_C,SYN_ITEM2,SYN_D2,lightgbm_global_v1,validation,2,4.5,5.0,medium,2020-01-01,2020-01-28,synthetic-web-v1
2020-01-28,2020-01-30,SYN_C,SYN_ITEM2,SYN_D2,rolling_mean,validation,2,7.0,5.0,medium,2020-01-01,2020-01-28,synthetic-web-v1
2020-01-28,2020-01-30,SYN_C,SYN_ITEM2,SYN_D2,seasonal_naive_7,validation,2,5.0,5.0,medium,2020-01-01,2020-01-28,synthetic-web-v1
2020-01-28,2020-01-31,SYN_A,SYN_ITEM1,SYN_D1,last_value,validation,3,7.0,3.0,medium,2020-01-01,2020-01-28,synthetic-web-v1
2020-01-28,2020-01-31,SYN_A,SYN_ITEM1,SYN_D1,lightgbm_global_v1,validation,3,2.7,3.0,medium,2020-01-01,2020-01-28,synthetic-web-v1
2020-01-28,2020-01-31,SYN_A,SYN_ITEM1,SYN_D1,rolling_mean,validation,3,4.0,3.0,medium,2020-01-01,2020-01-28,synthetic-web-v1
2020-01-28,2020-01-31,SYN_A,SYN_ITEM1,SYN_D1,seasonal_naive_7,validation,3,3.0,3.0,medium,2020-01-01,2020-01-28,synthetic-web-v1
2020-01-28,2020-01-31,SYN_A,SYN_ITEM2,SYN_D2,last_value,validation,3,8.0,4.0,medium,2020-01-01,2020-01-28,synthetic-web-v1
2020-01-28,2020-01-31,SYN_A,SYN_ITEM2,SYN_D2,lightgbm_global_v1,validation,3,3.6,4.0,medium,2020-01-01,2020-01-28,synthetic-web-v1
2020-01-28,2020-01-31,SYN_A,SYN_ITEM2,SYN_D2,rolling_mean,validation,3,5.0,4.0,medium,2020-01-01,2020-01-28,synthetic-web-v1
2020-01-28,2020-01-31,SYN_A,SYN_ITEM2,SYN_D2,seasonal_naive_7,validation,3,4.0,4.0,medium,2020-01-01,2020-01-28,synthetic-web-v1
2020-01-28,2020-01-31,SYN_B,SYN_ITEM1,SYN_D1,last_value,validation,3,8.0,4.0,medium,2020-01-01,2020-01-28,synthetic-web-v1
2020-01-28,2020-01-31,SYN_B,SYN_ITEM1,SYN_D1,lightgbm_global_v1,validation,3,3.6,4.0,medium,2020-01-01,2020-01-28,synthetic-web-v1
2020-01-28,2020-01-31,SYN_B,SYN_ITEM1,SYN_D1,rolling_mean,validation,3,5.0,4.0,medium,2020-01-01,2020-01-28,synthetic-web-v1
2020-01-28,2020-01-31,SYN_B,SYN_ITEM1,SYN_D1,seasonal_naive_7,validation,3,4.0,4.0,medium,2020-01-01,2020-01-28,synthetic-web-v1
2020-01-28,2020-01-31,SYN_B,SYN_ITEM2,SYN_D2,last_value,validation,3,9.0,5.0,medium,2020-01-01,2020-01-28,synthetic-web-v1
2020-01-28,2020-01-31,SYN_B,SYN_ITEM2,SYN_D2,lightgbm_global_v1,validation,3,4.5,5.0,medium,2020-01-01,2020-01-28,synthetic-web-v1
2020-01-28,2020-01-31,SYN_B,SYN_ITEM2,SYN_D2,rolling_mean,validation,3,6.0,5.0,medium,2020-01-01,2020-01-28,synthetic-web-v1
2020-01-28,2020-01-31,SYN_B,SYN_ITEM2,SYN_D2,seasonal_naive_7,validation,3,5.0,5.0,medium,2020-01-01,2020-01-28,synthetic-web-v1
2020-01-28,2020-01-31,SYN_C,SYN_ITEM1,SYN_D1,last_value,validation,3,9.0,5.0,medium,2020-01-01,2020-01-28,synthetic-web-v1
2020-01-28,2020-01-31,SYN_C,SYN_ITEM1,SYN_D1,lightgbm_global_v1,validation,3,4.5,5.0,medium,2020-01-01,2020-01-28,synthetic-web-v1
2020-01-28,2020-01-31,SYN_C,SYN_ITEM1,SYN_D1,rolling_mean,validation,3,6.0,5.0,medium,2020-01-01,2020-01-28,synthetic-web-v1
2020-01-28,2020-01-31,SYN_C,SYN_ITEM1,SYN_D1,seasonal_naive_7,validation,3,5.0,5.0,medium,2020-01-01,2020-01-28,synthetic-web-v1
2020-01-28,2020-01-31,SYN_C,SYN_ITEM2,SYN_D2,last_value,validation,3,10.0,6.0,medium,2020-01-01,2020-01-28,synthetic-web-v1
2020-01-28,2020-01-31,SYN_C,SYN_ITEM2,SYN_D2,lightgbm_global_v1,validation,3,5.4,6.0,medium,2020-01-01,2020-01-28,synthetic-web-v1
2020-01-28,2020-01-31,SYN_C,SYN_ITEM2,SYN_D2,rolling_mean,validation,3,7.0,6.0,medium,2020-01-01,2020-01-28,synthetic-web-v1
2020-01-28,2020-01-31,SYN_C,SYN_ITEM2,SYN_D2,seasonal_naive_7,validation,3,6.0,6.0,medium,2020-01-01,2020-01-28,synthetic-web-v1
2020-01-28,2020-02-01,SYN_A,SYN_ITEM1,SYN_D1,last_value,validation,4,7.0,4.0,medium,2020-01-01,2020-01-28,synthetic-web-v1
2020-01-28,2020-02-01,SYN_A,SYN_ITEM1,SYN_D1,lightgbm_global_v1,validation,4,3.6,4.0,medium,2020-01-01,2020-01-28,synthetic-web-v1
2020-01-28,2020-02-01,SYN_A,SYN_ITEM1,SYN_D1,rolling_mean,validation,4,4.0,4.0,medium,2020-01-01,2020-01-28,synthetic-web-v1
2020-01-28,2020-02-01,SYN_A,SYN_ITEM1,SYN_D1,seasonal_naive_7,validation,4,4.0,4.0,medium,2020-01-01,2020-01-28,synthetic-web-v1
2020-01-28,2020-02-01,SYN_A,SYN_ITEM2,SYN_D2,last_value,validation,4,8.0,5.0,medium,2020-01-01,2020-01-28,synthetic-web-v1
2020-01-28,2020-02-01,SYN_A,SYN_ITEM2,SYN_D2,lightgbm_global_v1,validation,4,4.5,5.0,medium,2020-01-01,2020-01-28,synthetic-web-v1
2020-01-28,2020-02-01,SYN_A,SYN_ITEM2,SYN_D2,rolling_mean,validation,4,5.0,5.0,medium,2020-01-01,2020-01-28,synthetic-web-v1
2020-01-28,2020-02-01,SYN_A,SYN_ITEM2,SYN_D2,seasonal_naive_7,validation,4,5.0,5.0,medium,2020-01-01,2020-01-28,synthetic-web-v1
2020-01-28,2020-02-01,SYN_B,SYN_ITEM1,SYN_D1,last_value,validation,4,8.0,5.0,medium,2020-01-01,2020-01-28,synthetic-web-v1
2020-01-28,2020-02-01,SYN_B,SYN_ITEM1,SYN_D1,lightgbm_global_v1,validation,4,4.5,5.0,medium,2020-01-01,2020-01-28,synthetic-web-v1
2020-01-28,2020-02-01,SYN_B,SYN_ITEM1,SYN_D1,rolling_mean,validation,4,5.0,5.0,medium,2020-01-01,2020-01-28,synthetic-web-v1
2020-01-28,2020-02-01,SYN_B,SYN_ITEM1,SYN_D1,seasonal_naive_7,validation,4,5.0,5.0,medium,2020-01-01,2020-01-28,synthetic-web-v1
2020-01-28,2020-02-01,SYN_B,SYN_ITEM2,SYN_D2,last_value,validation,4,9.0,6.0,medium,2020-01-01,2020-01-28,synthetic-web-v1
2020-01-28,2020-02-01,SYN_B,SYN_ITEM2,SYN_D2,lightgbm_global_v1,validation,4,5.4,6.0,medium,2020-01-01,2020-01-28,synthetic-web-v1
2020-01-28,2020-02-01,SYN_B,SYN_ITEM2,SYN_D2,rolling_mean,validation,4,6.0,6.0,medium,2020-01-01,2020-01-28,synthetic-web-v1
2020-01-28,2020-02-01,SYN_B,SYN_ITEM2,SYN_D2,seasonal_naive_7,validation,4,6.0,6.0,medium,2020-01-01,2020-01-28,synthetic-web-v1
2020-01-28,2020-02-01,SYN_C,SYN_ITEM1,SYN_D1,last_value,validation,4,9.0,6.0,medium,2020-01-01,2020-01-28,synthetic-web-v1
2020-01-28,2020-02-01,SYN_C,SYN_ITEM1,SYN_D1,lightgbm_global_v1,validation,4,5.4,6.0,medium,2020-01-01,2020-01-28,synthetic-web-v1
2020-01-28,2020-02-01,SYN_C,SYN_ITEM1,SYN_D1,rolling_mean,validation,4,6.0,6.0,medium,2020-01-01,2020-01-28,synthetic-web-v1
2020-01-28,2020-02-01,SYN_C,SYN_ITEM1,SYN_D1,seasonal_naive_7,validation,4,6.0,6.0,medium,2020-01-01,2020-01-28,synthetic-web-v1
2020-01-28,2020-02-01,SYN_C,SYN_ITEM2,SYN_D2,last_value,validation,4,10.0,7.0,medium,2020-01-01,2020-01-28,synthetic-web-v1
2020-01-28,2020-02-01,SYN_C,SYN_ITEM2,SYN_D2,lightgbm_global_v1,validation,4,6.3,7.0,medium,2020-01-01,2020-01-28,synthetic-web-v1
2020-01-28,2020-02-01,SYN_C,SYN_ITEM2,SYN_D2,rolling_mean,validation,4,7.0,7.0,medium,2020-01-01,2020-01-28,synthetic-web-v1
2020-01-28,2020-02-01,SYN_C,SYN_ITEM2,SYN_D2,seasonal_naive_7,validation,4,7.0,7.0,medium,2020-01-01,2020-01-28,synthetic-web-v1
2020-01-28,2020-02-02,SYN_A,SYN_ITEM1,SYN_D1,last_value,validation,5,7.0,5.0,medium,2020-01-01,2020-01-28,synthetic-web-v1
2020-01-28,2020-02-02,SYN_A,SYN_ITEM1,SYN_D1,lightgbm_global_v1,validation,5,4.5,5.0,medium,2020-01-01,2020-01-28,synthetic-web-v1
2020-01-28,2020-02-02,SYN_A,SYN_ITEM1,SYN_D1,rolling_mean,validation,5,4.0,5.0,medium,2020-01-01,2020-01-28,synthetic-web-v1
2020-01-28,2020-02-02,SYN_A,SYN_ITEM1,SYN_D1,seasonal_naive_7,validation,5,5.0,5.0,medium,2020-01-01,2020-01-28,synthetic-web-v1
2020-01-28,2020-02-02,SYN_A,SYN_ITEM2,SYN_D2,last_value,validation,5,8.0,6.0,medium,2020-01-01,2020-01-28,synthetic-web-v1
2020-01-28,2020-02-02,SYN_A,SYN_ITEM2,SYN_D2,lightgbm_global_v1,validation,5,5.4,6.0,medium,2020-01-01,2020-01-28,synthetic-web-v1
2020-01-28,2020-02-02,SYN_A,SYN_ITEM2,SYN_D2,rolling_mean,validation,5,5.0,6.0,medium,2020-01-01,2020-01-28,synthetic-web-v1
2020-01-28,2020-02-02,SYN_A,SYN_ITEM2,SYN_D2,seasonal_naive_7,validation,5,6.0,6.0,medium,2020-01-01,2020-01-28,synthetic-web-v1
2020-01-28,2020-02-02,SYN_B,SYN_ITEM1,SYN_D1,last_value,validation,5,8.0,6.0,medium,2020-01-01,2020-01-28,synthetic-web-v1
2020-01-28,2020-02-02,SYN_B,SYN_ITEM1,SYN_D1,lightgbm_global_v1,validation,5,5.4,6.0,medium,2020-01-01,2020-01-28,synthetic-web-v1
2020-01-28,2020-02-02,SYN_B,SYN_ITEM1,SYN_D1,rolling_mean,validation,5,5.0,6.0,medium,2020-01-01,2020-01-28,synthetic-web-v1
2020-01-28,2020-02-02,SYN_B,SYN_ITEM1,SYN_D1,seasonal_naive_7,validation,5,6.0,6.0,medium,2020-01-01,2020-01-28,synthetic-web-v1
2020-01-28,2020-02-02,SYN_B,SYN_ITEM2,SYN_D2,last_value,validation,5,9.0,7.0,medium,2020-01-01,2020-01-28,synthetic-web-v1
2020-01-28,2020-02-02,SYN_B,SYN_ITEM2,SYN_D2,lightgbm_global_v1,validation,5,6.3,7.0,medium,2020-01-01,2020-01-28,synthetic-web-v1
2020-01-28,2020-02-02,SYN_B,SYN_ITEM2,SYN_D2,rolling_mean,validation,5,6.0,7.0,medium,2020-01-01,2020-01-28,synthetic-web-v1
2020-01-28,2020-02-02,SYN_B,SYN_ITEM2,SYN_D2,seasonal_naive_7,validation,5,7.0,7.0,medium,2020-01-01,2020-01-28,synthetic-web-v1
2020-01-28,2020-02-02,SYN_C,SYN_ITEM1,SYN_D1,last_value,validation,5,9.0,7.0,medium,2020-01-01,2020-01-28,synthetic-web-v1
2020-01-28,2020-02-02,SYN_C,SYN_ITEM1,SYN_D1,lightgbm_global_v1,validation,5,6.3,7.0,medium,2020-01-01,2020-01-28,synthetic-web-v1
2020-01-28,2020-02-02,SYN_C,SYN_ITEM1,SYN_D1,rolling_mean,validation,5,6.0,7.0,medium,2020-01-01,2020-01-28,synthetic-web-v1
2020-01-28,2020-02-02,SYN_C,SYN_ITEM1,SYN_D1,seasonal_naive_7,validation,5,7.0,7.0,medium,2020-01-01,2020-01-28,synthetic-web-v1
2020-01-28,2020-02-02,SYN_C,SYN_ITEM2,SYN_D2,last_value,validation,5,10.0,8.0,medium,2020-01-01,2020-01-28,synthetic-web-v1
2020-01-28,2020-02-02,SYN_C,SYN_ITEM2,SYN_D2,lightgbm_global_v1,validation,5,7.2,8.0,medium,2020-01-01,2020-01-28,synthetic-web-v1
2020-01-28,2020-02-02,SYN_C,SYN_ITEM2,SYN_D2,rolling_mean,validation,5,7.0,8.0,medium,2020-01-01,2020-01-28,synthetic-web-v1
2020-01-28,2020-02-02,SYN_C,SYN_ITEM2,SYN_D2,seasonal_naive_7,validation,5,8.0,8.0,medium,2020-01-01,2020-01-28,synthetic-web-v1
2020-01-28,2020-02-03,SYN_A,SYN_ITEM1,SYN_D1,last_value,validation,6,7.0,6.0,medium,2020-01-01,2020-01-28,synthetic-web-v1
2020-01-28,2020-02-03,SYN_A,SYN_ITEM1,SYN_D1,lightgbm_global_v1,validation,6,5.4,6.0,medium,2020-01-01,2020-01-28,synthetic-web-v1
2020-01-28,2020-02-03,SYN_A,SYN_ITEM1,SYN_D1,rolling_mean,validation,6,4.0,6.0,medium,2020-01-01,2020-01-28,synthetic-web-v1
2020-01-28,2020-02-03,SYN_A,SYN_ITEM1,SYN_D1,seasonal_naive_7,validation,6,6.0,6.0,medium,2020-01-01,2020-01-28,synthetic-web-v1
2020-01-28,2020-02-03,SYN_A,SYN_ITEM2,SYN_D2,last_value,validation,6,8.0,7.0,medium,2020-01-01,2020-01-28,synthetic-web-v1
2020-01-28,2020-02-03,SYN_A,SYN_ITEM2,SYN_D2,lightgbm_global_v1,validation,6,6.3,7.0,medium,2020-01-01,2020-01-28,synthetic-web-v1
2020-01-28,2020-02-03,SYN_A,SYN_ITEM2,SYN_D2,rolling_mean,validation,6,5.0,7.0,medium,2020-01-01,2020-01-28,synthetic-web-v1
2020-01-28,2020-02-03,SYN_A,SYN_ITEM2,SYN_D2,seasonal_naive_7,validation,6,7.0,7.0,medium,2020-01-01,2020-01-28,synthetic-web-v1
2020-01-28,2020-02-03,SYN_B,SYN_ITEM1,SYN_D1,last_value,validation,6,8.0,7.0,medium,2020-01-01,2020-01-28,synthetic-web-v1
2020-01-28,2020-02-03,SYN_B,SYN_ITEM1,SYN_D1,lightgbm_global_v1,validation,6,6.3,7.0,medium,2020-01-01,2020-01-28,synthetic-web-v1
2020-01-28,2020-02-03,SYN_B,SYN_ITEM1,SYN_D1,rolling_mean,validation,6,5.0,7.0,medium,2020-01-01,2020-01-28,synthetic-web-v1
2020-01-28,2020-02-03,SYN_B,SYN_ITEM1,SYN_D1,seasonal_naive_7,validation,6,7.0,7.0,medium,2020-01-01,2020-01-28,synthetic-web-v1
2020-01-28,2020-02-03,SYN_B,SYN_ITEM2,SYN_D2,last_value,validation,6,9.0,8.0,medium,2020-01-01,2020-01-28,synthetic-web-v1
2020-01-28,2020-02-03,SYN_B,SYN_ITEM2,SYN_D2,lightgbm_global_v1,validation,6,7.2,8.0,medium,2020-01-01,2020-01-28,synthetic-web-v1
2020-01-28,2020-02-03,SYN_B,SYN_ITEM2,SYN_D2,rolling_mean,validation,6,6.0,8.0,medium,2020-01-01,2020-01-28,synthetic-web-v1
2020-01-28,2020-02-03,SYN_B,SYN_ITEM2,SYN_D2,seasonal_naive_7,validation,6,8.0,8.0,medium,2020-01-01,2020-01-28,synthetic-web-v1
2020-01-28,2020-02-03,SYN_C,SYN_ITEM1,SYN_D1,last_value,validation,6,9.0,8.0,medium,2020-01-01,2020-01-28,synthetic-web-v1
2020-01-28,2020-02-03,SYN_C,SYN_ITEM1,SYN_D1,lightgbm_global_v1,validation,6,7.2,8.0,medium,2020-01-01,2020-01-28,synthetic-web-v1
2020-01-28,2020-02-03,SYN_C,SYN_ITEM1,SYN_D1,rolling_mean,validation,6,6.0,8.0,medium,2020-01-01,2020-01-28,synthetic-web-v1
2020-01-28,2020-02-03,SYN_C,SYN_ITEM1,SYN_D1,seasonal_naive_7,validation,6,8.0,8.0,medium,2020-01-01,2020-01-28,synthetic-web-v1
2020-01-28,2020-02-03,SYN_C,SYN_ITEM2,SYN_D2,last_value,validation,6,10.0,9.0,medium,2020-01-01,2020-01-28,synthetic-web-v1
2020-01-28,2020-02-03,SYN_C,SYN_ITEM2,SYN_D2,lightgbm_global_v1,validation,6,8.1,9.0,medium,2020-01-01,2020-01-28,synthetic-web-v1
2020-01-28,2020-02-03,SYN_C,SYN_ITEM2,SYN_D2,rolling_mean,validation,6,7.0,9.0,medium,2020-01-01,2020-01-28,synthetic-web-v1
2020-01-28,2020-02-03,SYN_C,SYN_ITEM2,SYN_D2,seasonal_naive_7,validation,6,9.0,9.0,medium,2020-01-01,2020-01-28,synthetic-web-v1
2020-01-28,2020-02-04,SYN_A,SYN_ITEM1,SYN_D1,last_value,validation,7,7.0,7.0,medium,2020-01-01,2020-01-28,synthetic-web-v1
2020-01-28,2020-02-04,SYN_A,SYN_ITEM1,SYN_D1,lightgbm_global_v1,validation,7,25.0,7.0,medium,2020-01-01,2020-01-28,synthetic-web-v1
2020-01-28,2020-02-04,SYN_A,SYN_ITEM1,SYN_D1,rolling_mean,validation,7,4.0,7.0,medium,2020-01-01,2020-01-28,synthetic-web-v1
2020-01-28,2020-02-04,SYN_A,SYN_ITEM1,SYN_D1,seasonal_naive_7,validation,7,7.0,7.0,medium,2020-01-01,2020-01-28,synthetic-web-v1
2020-01-28,2020-02-04,SYN_A,SYN_ITEM2,SYN_D2,last_value,validation,7,8.0,8.0,medium,2020-01-01,2020-01-28,synthetic-web-v1
2020-01-28,2020-02-04,SYN_A,SYN_ITEM2,SYN_D2,lightgbm_global_v1,validation,7,26.0,8.0,medium,2020-01-01,2020-01-28,synthetic-web-v1
2020-01-28,2020-02-04,SYN_A,SYN_ITEM2,SYN_D2,rolling_mean,validation,7,5.0,8.0,medium,2020-01-01,2020-01-28,synthetic-web-v1
2020-01-28,2020-02-04,SYN_A,SYN_ITEM2,SYN_D2,seasonal_naive_7,validation,7,8.0,8.0,medium,2020-01-01,2020-01-28,synthetic-web-v1
2020-01-28,2020-02-04,SYN_B,SYN_ITEM1,SYN_D1,last_value,validation,7,8.0,8.0,medium,2020-01-01,2020-01-28,synthetic-web-v1
2020-01-28,2020-02-04,SYN_B,SYN_ITEM1,SYN_D1,lightgbm_global_v1,validation,7,7.2,8.0,medium,2020-01-01,2020-01-28,synthetic-web-v1
2020-01-28,2020-02-04,SYN_B,SYN_ITEM1,SYN_D1,rolling_mean,validation,7,5.0,8.0,medium,2020-01-01,2020-01-28,synthetic-web-v1
2020-01-28,2020-02-04,SYN_B,SYN_ITEM1,SYN_D1,seasonal_naive_7,validation,7,8.0,8.0,medium,2020-01-01,2020-01-28,synthetic-web-v1
2020-01-28,2020-02-04,SYN_B,SYN_ITEM2,SYN_D2,last_value,validation,7,9.0,9.0,medium,2020-01-01,2020-01-28,synthetic-web-v1
2020-01-28,2020-02-04,SYN_B,SYN_ITEM2,SYN_D2,lightgbm_global_v1,validation,7,8.1,9.0,medium,2020-01-01,2020-01-28,synthetic-web-v1
2020-01-28,2020-02-04,SYN_B,SYN_ITEM2,SYN_D2,rolling_mean,validation,7,6.0,9.0,medium,2020-01-01,2020-01-28,synthetic-web-v1
2020-01-28,2020-02-04,SYN_B,SYN_ITEM2,SYN_D2,seasonal_naive_7,validation,7,9.0,9.0,medium,2020-01-01,2020-01-28,synthetic-web-v1
2020-01-28,2020-02-04,SYN_C,SYN_ITEM1,SYN_D1,last_value,validation,7,9.0,9.0,medium,2020-01-01,2020-01-28,synthetic-web-v1
2020-01-28,2020-02-04,SYN_C,SYN_ITEM1,SYN_D1,lightgbm_global_v1,validation,7,8.1,9.0,medium,2020-01-01,2020-01-28,synthetic-web-v1
2020-01-28,2020-02-04,SYN_C,SYN_ITEM1,SYN_D1,rolling_mean,validation,7,6.0,9.0,medium,2020-01-01,2020-01-28,synthetic-web-v1
2020-01-28,2020-02-04,SYN_C,SYN_ITEM1,SYN_D1,seasonal_naive_7,validation,7,9.0,9.0,medium,2020-01-01,2020-01-28,synthetic-web-v1
2020-01-28,2020-02-04,SYN_C,SYN_ITEM2,SYN_D2,last_value,validation,7,10.0,10.0,medium,2020-01-01,2020-01-28,synthetic-web-v1
2020-01-28,2020-02-04,SYN_C,SYN_ITEM2,SYN_D2,lightgbm_global_v1,validation,7,9.0,10.0,medium,2020-01-01,2020-01-28,synthetic-web-v1
2020-01-28,2020-02-04,SYN_C,SYN_ITEM2,SYN_D2,rolling_mean,validation,7,7.0,10.0,medium,2020-01-01,2020-01-28,synthetic-web-v1
2020-01-28,2020-02-04,SYN_C,SYN_ITEM2,SYN_D2,seasonal_naive_7,validation,7,10.0,10.0,medium,2020-01-01,2020-01-28,synthetic-web-v1
2020-02-04,2020-02-05,SYN_A,SYN_ITEM1,SYN_D1,last_value,test,1,7.0,1.0,medium,2020-01-01,2020-02-04,synthetic-web-v1
2020-02-04,2020-02-05,SYN_A,SYN_ITEM1,SYN_D1,lightgbm_global_v1,test,1,0.9,1.0,medium,2020-01-01,2020-02-04,synthetic-web-v1
2020-02-04,2020-02-05,SYN_A,SYN_ITEM1,SYN_D1,rolling_mean,test,1,4.0,1.0,medium,2020-01-01,2020-02-04,synthetic-web-v1
2020-02-04,2020-02-05,SYN_A,SYN_ITEM1,SYN_D1,seasonal_naive_7,test,1,1.0,1.0,medium,2020-01-01,2020-02-04,synthetic-web-v1
2020-02-04,2020-02-05,SYN_A,SYN_ITEM2,SYN_D2,last_value,test,1,8.0,2.0,medium,2020-01-01,2020-02-04,synthetic-web-v1
2020-02-04,2020-02-05,SYN_A,SYN_ITEM2,SYN_D2,lightgbm_global_v1,test,1,1.8,2.0,medium,2020-01-01,2020-02-04,synthetic-web-v1
2020-02-04,2020-02-05,SYN_A,SYN_ITEM2,SYN_D2,rolling_mean,test,1,5.0,2.0,medium,2020-01-01,2020-02-04,synthetic-web-v1
2020-02-04,2020-02-05,SYN_A,SYN_ITEM2,SYN_D2,seasonal_naive_7,test,1,2.0,2.0,medium,2020-01-01,2020-02-04,synthetic-web-v1
2020-02-04,2020-02-05,SYN_B,SYN_ITEM1,SYN_D1,last_value,test,1,8.0,2.0,medium,2020-01-01,2020-02-04,synthetic-web-v1
2020-02-04,2020-02-05,SYN_B,SYN_ITEM1,SYN_D1,lightgbm_global_v1,test,1,1.8,2.0,medium,2020-01-01,2020-02-04,synthetic-web-v1
2020-02-04,2020-02-05,SYN_B,SYN_ITEM1,SYN_D1,rolling_mean,test,1,5.0,2.0,medium,2020-01-01,2020-02-04,synthetic-web-v1
2020-02-04,2020-02-05,SYN_B,SYN_ITEM1,SYN_D1,seasonal_naive_7,test,1,2.0,2.0,medium,2020-01-01,2020-02-04,synthetic-web-v1
2020-02-04,2020-02-05,SYN_B,SYN_ITEM2,SYN_D2,last_value,test,1,9.0,3.0,medium,2020-01-01,2020-02-04,synthetic-web-v1
2020-02-04,2020-02-05,SYN_B,SYN_ITEM2,SYN_D2,lightgbm_global_v1,test,1,2.7,3.0,medium,2020-01-01,2020-02-04,synthetic-web-v1
2020-02-04,2020-02-05,SYN_B,SYN_ITEM2,SYN_D2,rolling_mean,test,1,6.0,3.0,medium,2020-01-01,2020-02-04,synthetic-web-v1
2020-02-04,2020-02-05,SYN_B,SYN_ITEM2,SYN_D2,seasonal_naive_7,test,1,3.0,3.0,medium,2020-01-01,2020-02-04,synthetic-web-v1
2020-02-04,2020-02-05,SYN_C,SYN_ITEM1,SYN_D1,last_value,test,1,9.0,3.0,medium,2020-01-01,2020-02-04,synthetic-web-v1
2020-02-04,2020-02-05,SYN_C,SYN_ITEM1,SYN_D1,lightgbm_global_v1,test,1,2.7,3.0,medium,2020-01-01,2020-02-04,synthetic-web-v1
2020-02-04,2020-02-05,SYN_C,SYN_ITEM1,SYN_D1,rolling_mean,test,1,6.0,3.0,medium,2020-01-01,2020-02-04,synthetic-web-v1
2020-02-04,2020-02-05,SYN_C,SYN_ITEM1,SYN_D1,seasonal_naive_7,test,1,3.0,3.0,medium,2020-01-01,2020-02-04,synthetic-web-v1
2020-02-04,2020-02-05,SYN_C,SYN_ITEM2,SYN_D2,last_value,test,1,10.0,4.0,medium,2020-01-01,2020-02-04,synthetic-web-v1
2020-02-04,2020-02-05,SYN_C,SYN_ITEM2,SYN_D2,lightgbm_global_v1,test,1,3.6,4.0,medium,2020-01-01,2020-02-04,synthetic-web-v1
2020-02-04,2020-02-05,SYN_C,SYN_ITEM2,SYN_D2,rolling_mean,test,1,7.0,4.0,medium,2020-01-01,2020-02-04,synthetic-web-v1
2020-02-04,2020-02-05,SYN_C,SYN_ITEM2,SYN_D2,seasonal_naive_7,test,1,4.0,4.0,medium,2020-01-01,2020-02-04,synthetic-web-v1
2020-02-04,2020-02-06,SYN_A,SYN_ITEM1,SYN_D1,last_value,test,2,7.0,2.0,medium,2020-01-01,2020-02-04,synthetic-web-v1
2020-02-04,2020-02-06,SYN_A,SYN_ITEM1,SYN_D1,lightgbm_global_v1,test,2,1.8,2.0,medium,2020-01-01,2020-02-04,synthetic-web-v1
2020-02-04,2020-02-06,SYN_A,SYN_ITEM1,SYN_D1,rolling_mean,test,2,4.0,2.0,medium,2020-01-01,2020-02-04,synthetic-web-v1
2020-02-04,2020-02-06,SYN_A,SYN_ITEM1,SYN_D1,seasonal_naive_7,test,2,2.0,2.0,medium,2020-01-01,2020-02-04,synthetic-web-v1
2020-02-04,2020-02-06,SYN_A,SYN_ITEM2,SYN_D2,last_value,test,2,8.0,3.0,medium,2020-01-01,2020-02-04,synthetic-web-v1
2020-02-04,2020-02-06,SYN_A,SYN_ITEM2,SYN_D2,lightgbm_global_v1,test,2,2.7,3.0,medium,2020-01-01,2020-02-04,synthetic-web-v1
2020-02-04,2020-02-06,SYN_A,SYN_ITEM2,SYN_D2,rolling_mean,test,2,5.0,3.0,medium,2020-01-01,2020-02-04,synthetic-web-v1
2020-02-04,2020-02-06,SYN_A,SYN_ITEM2,SYN_D2,seasonal_naive_7,test,2,3.0,3.0,medium,2020-01-01,2020-02-04,synthetic-web-v1
2020-02-04,2020-02-06,SYN_B,SYN_ITEM1,SYN_D1,last_value,test,2,8.0,3.0,medium,2020-01-01,2020-02-04,synthetic-web-v1
2020-02-04,2020-02-06,SYN_B,SYN_ITEM1,SYN_D1,lightgbm_global_v1,test,2,2.7,3.0,medium,2020-01-01,2020-02-04,synthetic-web-v1
2020-02-04,2020-02-06,SYN_B,SYN_ITEM1,SYN_D1,rolling_mean,test,2,5.0,3.0,medium,2020-01-01,2020-02-04,synthetic-web-v1
2020-02-04,2020-02-06,SYN_B,SYN_ITEM1,SYN_D1,seasonal_naive_7,test,2,3.0,3.0,medium,2020-01-01,2020-02-04,synthetic-web-v1
2020-02-04,2020-02-06,SYN_B,SYN_ITEM2,SYN_D2,last_value,test,2,9.0,4.0,medium,2020-01-01,2020-02-04,synthetic-web-v1
2020-02-04,2020-02-06,SYN_B,SYN_ITEM2,SYN_D2,lightgbm_global_v1,test,2,3.6,4.0,medium,2020-01-01,2020-02-04,synthetic-web-v1
2020-02-04,2020-02-06,SYN_B,SYN_ITEM2,SYN_D2,rolling_mean,test,2,6.0,4.0,medium,2020-01-01,2020-02-04,synthetic-web-v1
2020-02-04,2020-02-06,SYN_B,SYN_ITEM2,SYN_D2,seasonal_naive_7,test,2,4.0,4.0,medium,2020-01-01,2020-02-04,synthetic-web-v1
2020-02-04,2020-02-06,SYN_C,SYN_ITEM1,SYN_D1,last_value,test,2,9.0,4.0,medium,2020-01-01,2020-02-04,synthetic-web-v1
2020-02-04,2020-02-06,SYN_C,SYN_ITEM1,SYN_D1,lightgbm_global_v1,test,2,3.6,4.0,medium,2020-01-01,2020-02-04,synthetic-web-v1
2020-02-04,2020-02-06,SYN_C,SYN_ITEM1,SYN_D1,rolling_mean,test,2,6.0,4.0,medium,2020-01-01,2020-02-04,synthetic-web-v1
2020-02-04,2020-02-06,SYN_C,SYN_ITEM1,SYN_D1,seasonal_naive_7,test,2,4.0,4.0,medium,2020-01-01,2020-02-04,synthetic-web-v1
2020-02-04,2020-02-06,SYN_C,SYN_ITEM2,SYN_D2,last_value,test,2,10.0,5.0,medium,2020-01-01,2020-02-04,synthetic-web-v1
2020-02-04,2020-02-06,SYN_C,SYN_ITEM2,SYN_D2,lightgbm_global_v1,test,2,4.5,5.0,medium,2020-01-01,2020-02-04,synthetic-web-v1
2020-02-04,2020-02-06,SYN_C,SYN_ITEM2,SYN_D2,rolling_mean,test,2,7.0,5.0,medium,2020-01-01,2020-02-04,synthetic-web-v1
2020-02-04,2020-02-06,SYN_C,SYN_ITEM2,SYN_D2,seasonal_naive_7,test,2,5.0,5.0,medium,2020-01-01,2020-02-04,synthetic-web-v1
2020-02-04,2020-02-07,SYN_A,SYN_ITEM1,SYN_D1,last_value,test,3,7.0,3.0,medium,2020-01-01,2020-02-04,synthetic-web-v1
2020-02-04,2020-02-07,SYN_A,SYN_ITEM1,SYN_D1,lightgbm_global_v1,test,3,2.7,3.0,medium,2020-01-01,2020-02-04,synthetic-web-v1
2020-02-04,2020-02-07,SYN_A,SYN_ITEM1,SYN_D1,rolling_mean,test,3,4.0,3.0,medium,2020-01-01,2020-02-04,synthetic-web-v1
2020-02-04,2020-02-07,SYN_A,SYN_ITEM1,SYN_D1,seasonal_naive_7,test,3,3.0,3.0,medium,2020-01-01,2020-02-04,synthetic-web-v1
2020-02-04,2020-02-07,SYN_A,SYN_ITEM2,SYN_D2,last_value,test,3,8.0,4.0,medium,2020-01-01,2020-02-04,synthetic-web-v1
2020-02-04,2020-02-07,SYN_A,SYN_ITEM2,SYN_D2,lightgbm_global_v1,test,3,3.6,4.0,medium,2020-01-01,2020-02-04,synthetic-web-v1
2020-02-04,2020-02-07,SYN_A,SYN_ITEM2,SYN_D2,rolling_mean,test,3,5.0,4.0,medium,2020-01-01,2020-02-04,synthetic-web-v1
2020-02-04,2020-02-07,SYN_A,SYN_ITEM2,SYN_D2,seasonal_naive_7,test,3,4.0,4.0,medium,2020-01-01,2020-02-04,synthetic-web-v1
2020-02-04,2020-02-07,SYN_B,SYN_ITEM1,SYN_D1,last_value,test,3,8.0,4.0,medium,2020-01-01,2020-02-04,synthetic-web-v1
2020-02-04,2020-02-07,SYN_B,SYN_ITEM1,SYN_D1,lightgbm_global_v1,test,3,3.6,4.0,medium,2020-01-01,2020-02-04,synthetic-web-v1
2020-02-04,2020-02-07,SYN_B,SYN_ITEM1,SYN_D1,rolling_mean,test,3,5.0,4.0,medium,2020-01-01,2020-02-04,synthetic-web-v1
2020-02-04,2020-02-07,SYN_B,SYN_ITEM1,SYN_D1,seasonal_naive_7,test,3,4.0,4.0,medium,2020-01-01,2020-02-04,synthetic-web-v1
2020-02-04,2020-02-07,SYN_B,SYN_ITEM2,SYN_D2,last_value,test,3,9.0,5.0,medium,2020-01-01,2020-02-04,synthetic-web-v1
2020-02-04,2020-02-07,SYN_B,SYN_ITEM2,SYN_D2,lightgbm_global_v1,test,3,4.5,5.0,medium,2020-01-01,2020-02-04,synthetic-web-v1
2020-02-04,2020-02-07,SYN_B,SYN_ITEM2,SYN_D2,rolling_mean,test,3,6.0,5.0,medium,2020-01-01,2020-02-04,synthetic-web-v1
2020-02-04,2020-02-07,SYN_B,SYN_ITEM2,SYN_D2,seasonal_naive_7,test,3,5.0,5.0,medium,2020-01-01,2020-02-04,synthetic-web-v1
2020-02-04,2020-02-07,SYN_C,SYN_ITEM1,SYN_D1,last_value,test,3,9.0,5.0,medium,2020-01-01,2020-02-04,synthetic-web-v1
2020-02-04,2020-02-07,SYN_C,SYN_ITEM1,SYN_D1,lightgbm_global_v1,test,3,4.5,5.0,medium,2020-01-01,2020-02-04,synthetic-web-v1
2020-02-04,2020-02-07,SYN_C,SYN_ITEM1,SYN_D1,rolling_mean,test,3,6.0,5.0,medium,2020-01-01,2020-02-04,synthetic-web-v1
2020-02-04,2020-02-07,SYN_C,SYN_ITEM1,SYN_D1,seasonal_naive_7,test,3,5.0,5.0,medium,2020-01-01,2020-02-04,synthetic-web-v1
2020-02-04,2020-02-07,SYN_C,SYN_ITEM2,SYN_D2,last_value,test,3,10.0,6.0,medium,2020-01-01,2020-02-04,synthetic-web-v1
2020-02-04,2020-02-07,SYN_C,SYN_ITEM2,SYN_D2,lightgbm_global_v1,test,3,5.4,6.0,medium,2020-01-01,2020-02-04,synthetic-web-v1
2020-02-04,2020-02-07,SYN_C,SYN_ITEM2,SYN_D2,rolling_mean,test,3,7.0,6.0,medium,2020-01-01,2020-02-04,synthetic-web-v1
2020-02-04,2020-02-07,SYN_C,SYN_ITEM2,SYN_D2,seasonal_naive_7,test,3,6.0,6.0,medium,2020-01-01,2020-02-04,synthetic-web-v1
2020-02-04,2020-02-08,SYN_A,SYN_ITEM1,SYN_D1,last_value,test,4,7.0,4.0,medium,2020-01-01,2020-02-04,synthetic-web-v1
2020-02-04,2020-02-08,SYN_A,SYN_ITEM1,SYN_D1,lightgbm_global_v1,test,4,3.6,4.0,medium,2020-01-01,2020-02-04,synthetic-web-v1
2020-02-04,2020-02-08,SYN_A,SYN_ITEM1,SYN_D1,rolling_mean,test,4,4.0,4.0,medium,2020-01-01,2020-02-04,synthetic-web-v1
2020-02-04,2020-02-08,SYN_A,SYN_ITEM1,SYN_D1,seasonal_naive_7,test,4,4.0,4.0,medium,2020-01-01,2020-02-04,synthetic-web-v1
2020-02-04,2020-02-08,SYN_A,SYN_ITEM2,SYN_D2,last_value,test,4,8.0,5.0,medium,2020-01-01,2020-02-04,synthetic-web-v1
2020-02-04,2020-02-08,SYN_A,SYN_ITEM2,SYN_D2,lightgbm_global_v1,test,4,4.5,5.0,medium,2020-01-01,2020-02-04,synthetic-web-v1
2020-02-04,2020-02-08,SYN_A,SYN_ITEM2,SYN_D2,rolling_mean,test,4,5.0,5.0,medium,2020-01-01,2020-02-04,synthetic-web-v1
2020-02-04,2020-02-08,SYN_A,SYN_ITEM2,SYN_D2,seasonal_naive_7,test,4,5.0,5.0,medium,2020-01-01,2020-02-04,synthetic-web-v1
2020-02-04,2020-02-08,SYN_B,SYN_ITEM1,SYN_D1,last_value,test,4,8.0,5.0,medium,2020-01-01,2020-02-04,synthetic-web-v1
2020-02-04,2020-02-08,SYN_B,SYN_ITEM1,SYN_D1,lightgbm_global_v1,test,4,4.5,5.0,medium,2020-01-01,2020-02-04,synthetic-web-v1
2020-02-04,2020-02-08,SYN_B,SYN_ITEM1,SYN_D1,rolling_mean,test,4,5.0,5.0,medium,2020-01-01,2020-02-04,synthetic-web-v1
2020-02-04,2020-02-08,SYN_B,SYN_ITEM1,SYN_D1,seasonal_naive_7,test,4,5.0,5.0,medium,2020-01-01,2020-02-04,synthetic-web-v1
2020-02-04,2020-02-08,SYN_B,SYN_ITEM2,SYN_D2,last_value,test,4,9.0,6.0,medium,2020-01-01,2020-02-04,synthetic-web-v1
2020-02-04,2020-02-08,SYN_B,SYN_ITEM2,SYN_D2,lightgbm_global_v1,test,4,5.4,6.0,medium,2020-01-01,2020-02-04,synthetic-web-v1
2020-02-04,2020-02-08,SYN_B,SYN_ITEM2,SYN_D2,rolling_mean,test,4,6.0,6.0,medium,2020-01-01,2020-02-04,synthetic-web-v1
2020-02-04,2020-02-08,SYN_B,SYN_ITEM2,SYN_D2,seasonal_naive_7,test,4,6.0,6.0,medium,2020-01-01,2020-02-04,synthetic-web-v1
2020-02-04,2020-02-08,SYN_C,SYN_ITEM1,SYN_D1,last_value,test,4,9.0,6.0,medium,2020-01-01,2020-02-04,synthetic-web-v1
2020-02-04,2020-02-08,SYN_C,SYN_ITEM1,SYN_D1,lightgbm_global_v1,test,4,5.4,6.0,medium,2020-01-01,2020-02-04,synthetic-web-v1
2020-02-04,2020-02-08,SYN_C,SYN_ITEM1,SYN_D1,rolling_mean,test,4,6.0,6.0,medium,2020-01-01,2020-02-04,synthetic-web-v1
2020-02-04,2020-02-08,SYN_C,SYN_ITEM1,SYN_D1,seasonal_naive_7,test,4,6.0,6.0,medium,2020-01-01,2020-02-04,synthetic-web-v1
2020-02-04,2020-02-08,SYN_C,SYN_ITEM2,SYN_D2,last_value,test,4,10.0,7.0,medium,2020-01-01,2020-02-04,synthetic-web-v1
2020-02-04,2020-02-08,SYN_C,SYN_ITEM2,SYN_D2,lightgbm_global_v1,test,4,6.3,7.0,medium,2020-01-01,2020-02-04,synthetic-web-v1
2020-02-04,2020-02-08,SYN_C,SYN_ITEM2,SYN_D2,rolling_mean,test,4,7.0,7.0,medium,2020-01-01,2020-02-04,synthetic-web-v1
2020-02-04,2020-02-08,SYN_C,SYN_ITEM2,SYN_D2,seasonal_naive_7,test,4,7.0,7.0,medium,2020-01-01,2020-02-04,synthetic-web-v1
2020-02-04,2020-02-09,SYN_A,SYN_ITEM1,SYN_D1,last_value,test,5,7.0,5.0,medium,2020-01-01,2020-02-04,synthetic-web-v1
2020-02-04,2020-02-09,SYN_A,SYN_ITEM1,SYN_D1,lightgbm_global_v1,test,5,4.5,5.0,medium,2020-01-01,2020-02-04,synthetic-web-v1
2020-02-04,2020-02-09,SYN_A,SYN_ITEM1,SYN_D1,rolling_mean,test,5,4.0,5.0,medium,2020-01-01,2020-02-04,synthetic-web-v1
2020-02-04,2020-02-09,SYN_A,SYN_ITEM1,SYN_D1,seasonal_naive_7,test,5,5.0,5.0,medium,2020-01-01,2020-02-04,synthetic-web-v1
2020-02-04,2020-02-09,SYN_A,SYN_ITEM2,SYN_D2,last_value,test,5,8.0,6.0,medium,2020-01-01,2020-02-04,synthetic-web-v1
2020-02-04,2020-02-09,SYN_A,SYN_ITEM2,SYN_D2,lightgbm_global_v1,test,5,5.4,6.0,medium,2020-01-01,2020-02-04,synthetic-web-v1
2020-02-04,2020-02-09,SYN_A,SYN_ITEM2,SYN_D2,rolling_mean,test,5,5.0,6.0,medium,2020-01-01,2020-02-04,synthetic-web-v1
2020-02-04,2020-02-09,SYN_A,SYN_ITEM2,SYN_D2,seasonal_naive_7,test,5,6.0,6.0,medium,2020-01-01,2020-02-04,synthetic-web-v1
2020-02-04,2020-02-09,SYN_B,SYN_ITEM1,SYN_D1,last_value,test,5,8.0,6.0,medium,2020-01-01,2020-02-04,synthetic-web-v1
2020-02-04,2020-02-09,SYN_B,SYN_ITEM1,SYN_D1,lightgbm_global_v1,test,5,5.4,6.0,medium,2020-01-01,2020-02-04,synthetic-web-v1
2020-02-04,2020-02-09,SYN_B,SYN_ITEM1,SYN_D1,rolling_mean,test,5,5.0,6.0,medium,2020-01-01,2020-02-04,synthetic-web-v1
2020-02-04,2020-02-09,SYN_B,SYN_ITEM1,SYN_D1,seasonal_naive_7,test,5,6.0,6.0,medium,2020-01-01,2020-02-04,synthetic-web-v1
2020-02-04,2020-02-09,SYN_B,SYN_ITEM2,SYN_D2,last_value,test,5,9.0,7.0,medium,2020-01-01,2020-02-04,synthetic-web-v1
2020-02-04,2020-02-09,SYN_B,SYN_ITEM2,SYN_D2,lightgbm_global_v1,test,5,6.3,7.0,medium,2020-01-01,2020-02-04,synthetic-web-v1
2020-02-04,2020-02-09,SYN_B,SYN_ITEM2,SYN_D2,rolling_mean,test,5,6.0,7.0,medium,2020-01-01,2020-02-04,synthetic-web-v1
2020-02-04,2020-02-09,SYN_B,SYN_ITEM2,SYN_D2,seasonal_naive_7,test,5,7.0,7.0,medium,2020-01-01,2020-02-04,synthetic-web-v1
2020-02-04,2020-02-09,SYN_C,SYN_ITEM1,SYN_D1,last_value,test,5,9.0,7.0,medium,2020-01-01,2020-02-04,synthetic-web-v1
2020-02-04,2020-02-09,SYN_C,SYN_ITEM1,SYN_D1,lightgbm_global_v1,test,5,6.3,7.0,medium,2020-01-01,2020-02-04,synthetic-web-v1
2020-02-04,2020-02-09,SYN_C,SYN_ITEM1,SYN_D1,rolling_mean,test,5,6.0,7.0,medium,2020-01-01,2020-02-04,synthetic-web-v1
2020-02-04,2020-02-09,SYN_C,SYN_ITEM1,SYN_D1,seasonal_naive_7,test,5,7.0,7.0,medium,2020-01-01,2020-02-04,synthetic-web-v1
2020-02-04,2020-02-09,SYN_C,SYN_ITEM2,SYN_D2,last_value,test,5,10.0,8.0,medium,2020-01-01,2020-02-04,synthetic-web-v1
2020-02-04,2020-02-09,SYN_C,SYN_ITEM2,SYN_D2,lightgbm_global_v1,test,5,7.2,8.0,medium,2020-01-01,2020-02-04,synthetic-web-v1
2020-02-04,2020-02-09,SYN_C,SYN_ITEM2,SYN_D2,rolling_mean,test,5,7.0,8.0,medium,2020-01-01,2020-02-04,synthetic-web-v1
2020-02-04,2020-02-09,SYN_C,SYN_ITEM2,SYN_D2,seasonal_naive_7,test,5,8.0,8.0,medium,2020-01-01,2020-02-04,synthetic-web-v1
2020-02-04,2020-02-10,SYN_A,SYN_ITEM1,SYN_D1,last_value,test,6,7.0,6.0,medium,2020-01-01,2020-02-04,synthetic-web-v1
2020-02-04,2020-02-10,SYN_A,SYN_ITEM1,SYN_D1,lightgbm_global_v1,test,6,5.4,6.0,medium,2020-01-01,2020-02-04,synthetic-web-v1
2020-02-04,2020-02-10,SYN_A,SYN_ITEM1,SYN_D1,rolling_mean,test,6,4.0,6.0,medium,2020-01-01,2020-02-04,synthetic-web-v1
2020-02-04,2020-02-10,SYN_A,SYN_ITEM1,SYN_D1,seasonal_naive_7,test,6,6.0,6.0,medium,2020-01-01,2020-02-04,synthetic-web-v1
2020-02-04,2020-02-10,SYN_A,SYN_ITEM2,SYN_D2,last_value,test,6,8.0,7.0,medium,2020-01-01,2020-02-04,synthetic-web-v1
2020-02-04,2020-02-10,SYN_A,SYN_ITEM2,SYN_D2,lightgbm_global_v1,test,6,6.3,7.0,medium,2020-01-01,2020-02-04,synthetic-web-v1
2020-02-04,2020-02-10,SYN_A,SYN_ITEM2,SYN_D2,rolling_mean,test,6,5.0,7.0,medium,2020-01-01,2020-02-04,synthetic-web-v1
2020-02-04,2020-02-10,SYN_A,SYN_ITEM2,SYN_D2,seasonal_naive_7,test,6,7.0,7.0,medium,2020-01-01,2020-02-04,synthetic-web-v1
2020-02-04,2020-02-10,SYN_B,SYN_ITEM1,SYN_D1,last_value,test,6,8.0,7.0,medium,2020-01-01,2020-02-04,synthetic-web-v1
2020-02-04,2020-02-10,SYN_B,SYN_ITEM1,SYN_D1,lightgbm_global_v1,test,6,6.3,7.0,medium,2020-01-01,2020-02-04,synthetic-web-v1
2020-02-04,2020-02-10,SYN_B,SYN_ITEM1,SYN_D1,rolling_mean,test,6,5.0,7.0,medium,2020-01-01,2020-02-04,synthetic-web-v1
2020-02-04,2020-02-10,SYN_B,SYN_ITEM1,SYN_D1,seasonal_naive_7,test,6,7.0,7.0,medium,2020-01-01,2020-02-04,synthetic-web-v1
2020-02-04,2020-02-10,SYN_B,SYN_ITEM2,SYN_D2,last_value,test,6,9.0,8.0,medium,2020-01-01,2020-02-04,synthetic-web-v1
2020-02-04,2020-02-10,SYN_B,SYN_ITEM2,SYN_D2,lightgbm_global_v1,test,6,7.2,8.0,medium,2020-01-01,2020-02-04,synthetic-web-v1
2020-02-04,2020-02-10,SYN_B,SYN_ITEM2,SYN_D2,rolling_mean,test,6,6.0,8.0,medium,2020-01-01,2020-02-04,synthetic-web-v1
2020-02-04,2020-02-10,SYN_B,SYN_ITEM2,SYN_D2,seasonal_naive_7,test,6,8.0,8.0,medium,2020-01-01,2020-02-04,synthetic-web-v1
2020-02-04,2020-02-10,SYN_C,SYN_ITEM1,SYN_D1,last_value,test,6,9.0,8.0,medium,2020-01-01,2020-02-04,synthetic-web-v1
2020-02-04,2020-02-10,SYN_C,SYN_ITEM1,SYN_D1,lightgbm_global_v1,test,6,7.2,8.0,medium,2020-01-01,2020-02-04,synthetic-web-v1
2020-02-04,2020-02-10,SYN_C,SYN_ITEM1,SYN_D1,rolling_mean,test,6,6.0,8.0,medium,2020-01-01,2020-02-04,synthetic-web-v1
2020-02-04,2020-02-10,SYN_C,SYN_ITEM1,SYN_D1,seasonal_naive_7,test,6,8.0,8.0,medium,2020-01-01,2020-02-04,synthetic-web-v1
2020-02-04,2020-02-10,SYN_C,SYN_ITEM2,SYN_D2,last_value,test,6,10.0,9.0,medium,2020-01-01,2020-02-04,synthetic-web-v1
2020-02-04,2020-02-10,SYN_C,SYN_ITEM2,SYN_D2,lightgbm_global_v1,test,6,8.1,9.0,medium,2020-01-01,2020-02-04,synthetic-web-v1
2020-02-04,2020-02-10,SYN_C,SYN_ITEM2,SYN_D2,rolling_mean,test,6,7.0,9.0,medium,2020-01-01,2020-02-04,synthetic-web-v1
2020-02-04,2020-02-10,SYN_C,SYN_ITEM2,SYN_D2,seasonal_naive_7,test,6,9.0,9.0,medium,2020-01-01,2020-02-04,synthetic-web-v1
2020-02-04,2020-02-11,SYN_A,SYN_ITEM1,SYN_D1,last_value,test,7,7.0,7.0,medium,2020-01-01,2020-02-04,synthetic-web-v1
2020-02-04,2020-02-11,SYN_A,SYN_ITEM1,SYN_D1,lightgbm_global_v1,test,7,25.0,7.0,medium,2020-01-01,2020-02-04,synthetic-web-v1
2020-02-04,2020-02-11,SYN_A,SYN_ITEM1,SYN_D1,rolling_mean,test,7,4.0,7.0,medium,2020-01-01,2020-02-04,synthetic-web-v1
2020-02-04,2020-02-11,SYN_A,SYN_ITEM1,SYN_D1,seasonal_naive_7,test,7,7.0,7.0,medium,2020-01-01,2020-02-04,synthetic-web-v1
2020-02-04,2020-02-11,SYN_A,SYN_ITEM2,SYN_D2,last_value,test,7,8.0,8.0,medium,2020-01-01,2020-02-04,synthetic-web-v1
2020-02-04,2020-02-11,SYN_A,SYN_ITEM2,SYN_D2,lightgbm_global_v1,test,7,26.0,8.0,medium,2020-01-01,2020-02-04,synthetic-web-v1
2020-02-04,2020-02-11,SYN_A,SYN_ITEM2,SYN_D2,rolling_mean,test,7,5.0,8.0,medium,2020-01-01,2020-02-04,synthetic-web-v1
2020-02-04,2020-02-11,SYN_A,SYN_ITEM2,SYN_D2,seasonal_naive_7,test,7,8.0,8.0,medium,2020-01-01,2020-02-04,synthetic-web-v1
2020-02-04,2020-02-11,SYN_B,SYN_ITEM1,SYN_D1,last_value,test,7,8.0,8.0,medium,2020-01-01,2020-02-04,synthetic-web-v1
2020-02-04,2020-02-11,SYN_B,SYN_ITEM1,SYN_D1,lightgbm_global_v1,test,7,7.2,8.0,medium,2020-01-01,2020-02-04,synthetic-web-v1
2020-02-04,2020-02-11,SYN_B,SYN_ITEM1,SYN_D1,rolling_mean,test,7,5.0,8.0,medium,2020-01-01,2020-02-04,synthetic-web-v1
2020-02-04,2020-02-11,SYN_B,SYN_ITEM1,SYN_D1,seasonal_naive_7,test,7,8.0,8.0,medium,2020-01-01,2020-02-04,synthetic-web-v1
2020-02-04,2020-02-11,SYN_B,SYN_ITEM2,SYN_D2,last_value,test,7,9.0,9.0,medium,2020-01-01,2020-02-04,synthetic-web-v1
2020-02-04,2020-02-11,SYN_B,SYN_ITEM2,SYN_D2,lightgbm_global_v1,test,7,8.1,9.0,medium,2020-01-01,2020-02-04,synthetic-web-v1
2020-02-04,2020-02-11,SYN_B,SYN_ITEM2,SYN_D2,rolling_mean,test,7,6.0,9.0,medium,2020-01-01,2020-02-04,synthetic-web-v1
2020-02-04,2020-02-11,SYN_B,SYN_ITEM2,SYN_D2,seasonal_naive_7,test,7,9.0,9.0,medium,2020-01-01,2020-02-04,synthetic-web-v1
2020-02-04,2020-02-11,SYN_C,SYN_ITEM1,SYN_D1,last_value,test,7,9.0,9.0,medium,2020-01-01,2020-02-04,synthetic-web-v1
2020-02-04,2020-02-11,SYN_C,SYN_ITEM1,SYN_D1,lightgbm_global_v1,test,7,8.1,9.0,medium,2020-01-01,2020-02-04,synthetic-web-v1
2020-02-04,2020-02-11,SYN_C,SYN_ITEM1,SYN_D1,rolling_mean,test,7,6.0,9.0,medium,2020-01-01,2020-02-04,synthetic-web-v1
2020-02-04,2020-02-11,SYN_C,SYN_ITEM1,SYN_D1,seasonal_naive_7,test,7,9.0,9.0,medium,2020-01-01,2020-02-04,synthetic-web-v1
2020-02-04,2020-02-11,SYN_C,SYN_ITEM2,SYN_D2,last_value,test,7,10.0,10.0,medium,2020-01-01,2020-02-04,synthetic-web-v1
2020-02-04,2020-02-11,SYN_C,SYN_ITEM2,SYN_D2,lightgbm_global_v1,test,7,9.0,10.0,medium,2020-01-01,2020-02-04,synthetic-web-v1
2020-02-04,2020-02-11,SYN_C,SYN_ITEM2,SYN_D2,rolling_mean,test,7,7.0,10.0,medium,2020-01-01,2020-02-04,synthetic-web-v1
2020-02-04,2020-02-11,SYN_C,SYN_ITEM2,SYN_D2,seasonal_naive_7,test,7,10.0,10.0,medium,2020-01-01,2020-02-04,synthetic-web-v1
2020-02-11,2020-02-12,SYN_A,SYN_ITEM1,SYN_D1,last_value,future,1,7.0,,medium,2020-01-01,2020-02-11,synthetic-web-v1
2020-02-11,2020-02-12,SYN_A,SYN_ITEM1,SYN_D1,rolling_mean,future,1,4.0,,medium,2020-01-01,2020-02-11,synthetic-web-v1
2020-02-11,2020-02-12,SYN_A,SYN_ITEM1,SYN_D1,seasonal_naive_7,future,1,1.0,,medium,2020-01-01,2020-02-11,synthetic-web-v1
2020-02-11,2020-02-12,SYN_A,SYN_ITEM2,SYN_D2,last_value,future,1,8.0,,medium,2020-01-01,2020-02-11,synthetic-web-v1
2020-02-11,2020-02-12,SYN_A,SYN_ITEM2,SYN_D2,rolling_mean,future,1,5.0,,medium,2020-01-01,2020-02-11,synthetic-web-v1
2020-02-11,2020-02-12,SYN_A,SYN_ITEM2,SYN_D2,seasonal_naive_7,future,1,2.0,,medium,2020-01-01,2020-02-11,synthetic-web-v1
2020-02-11,2020-02-12,SYN_B,SYN_ITEM1,SYN_D1,last_value,future,1,8.0,,medium,2020-01-01,2020-02-11,synthetic-web-v1
2020-02-11,2020-02-12,SYN_B,SYN_ITEM1,SYN_D1,rolling_mean,future,1,5.0,,medium,2020-01-01,2020-02-11,synthetic-web-v1
2020-02-11,2020-02-12,SYN_B,SYN_ITEM1,SYN_D1,seasonal_naive_7,future,1,2.0,,medium,2020-01-01,2020-02-11,synthetic-web-v1
2020-02-11,2020-02-12,SYN_B,SYN_ITEM2,SYN_D2,last_value,future,1,9.0,,medium,2020-01-01,2020-02-11,synthetic-web-v1
2020-02-11,2020-02-12,SYN_B,SYN_ITEM2,SYN_D2,rolling_mean,future,1,6.0,,medium,2020-01-01,2020-02-11,synthetic-web-v1
2020-02-11,2020-02-12,SYN_B,SYN_ITEM2,SYN_D2,seasonal_naive_7,future,1,3.0,,medium,2020-01-01,2020-02-11,synthetic-web-v1
2020-02-11,2020-02-12,SYN_C,SYN_ITEM1,SYN_D1,last_value,future,1,9.0,,medium,2020-01-01,2020-02-11,synthetic-web-v1
2020-02-11,2020-02-12,SYN_C,SYN_ITEM1,SYN_D1,rolling_mean,future,1,6.0,,medium,2020-01-01,2020-02-11,synthetic-web-v1
2020-02-11,2020-02-12,SYN_C,SYN_ITEM1,SYN_D1,seasonal_naive_7,future,1,3.0,,medium,2020-01-01,2020-02-11,synthetic-web-v1
2020-02-11,2020-02-12,SYN_C,SYN_ITEM2,SYN_D2,last_value,future,1,10.0,,medium,2020-01-01,2020-02-11,synthetic-web-v1
2020-02-11,2020-02-12,SYN_C,SYN_ITEM2,SYN_D2,rolling_mean,future,1,7.0,,medium,2020-01-01,2020-02-11,synthetic-web-v1
2020-02-11,2020-02-12,SYN_C,SYN_ITEM2,SYN_D2,seasonal_naive_7,future,1,4.0,,medium,2020-01-01,2020-02-11,synthetic-web-v1
2020-02-11,2020-02-13,SYN_A,SYN_ITEM1,SYN_D1,last_value,future,2,7.0,,medium,2020-01-01,2020-02-11,synthetic-web-v1
2020-02-11,2020-02-13,SYN_A,SYN_ITEM1,SYN_D1,rolling_mean,future,2,4.0,,medium,2020-01-01,2020-02-11,synthetic-web-v1
2020-02-11,2020-02-13,SYN_A,SYN_ITEM1,SYN_D1,seasonal_naive_7,future,2,2.0,,medium,2020-01-01,2020-02-11,synthetic-web-v1
2020-02-11,2020-02-13,SYN_A,SYN_ITEM2,SYN_D2,last_value,future,2,8.0,,medium,2020-01-01,2020-02-11,synthetic-web-v1
2020-02-11,2020-02-13,SYN_A,SYN_ITEM2,SYN_D2,rolling_mean,future,2,5.0,,medium,2020-01-01,2020-02-11,synthetic-web-v1
2020-02-11,2020-02-13,SYN_A,SYN_ITEM2,SYN_D2,seasonal_naive_7,future,2,3.0,,medium,2020-01-01,2020-02-11,synthetic-web-v1
2020-02-11,2020-02-13,SYN_B,SYN_ITEM1,SYN_D1,last_value,future,2,8.0,,medium,2020-01-01,2020-02-11,synthetic-web-v1
2020-02-11,2020-02-13,SYN_B,SYN_ITEM1,SYN_D1,rolling_mean,future,2,5.0,,medium,2020-01-01,2020-02-11,synthetic-web-v1
2020-02-11,2020-02-13,SYN_B,SYN_ITEM1,SYN_D1,seasonal_naive_7,future,2,3.0,,medium,2020-01-01,2020-02-11,synthetic-web-v1
2020-02-11,2020-02-13,SYN_B,SYN_ITEM2,SYN_D2,last_value,future,2,9.0,,medium,2020-01-01,2020-02-11,synthetic-web-v1
2020-02-11,2020-02-13,SYN_B,SYN_ITEM2,SYN_D2,rolling_mean,future,2,6.0,,medium,2020-01-01,2020-02-11,synthetic-web-v1
2020-02-11,2020-02-13,SYN_B,SYN_ITEM2,SYN_D2,seasonal_naive_7,future,2,4.0,,medium,2020-01-01,2020-02-11,synthetic-web-v1
2020-02-11,2020-02-13,SYN_C,SYN_ITEM1,SYN_D1,last_value,future,2,9.0,,medium,2020-01-01,2020-02-11,synthetic-web-v1
2020-02-11,2020-02-13,SYN_C,SYN_ITEM1,SYN_D1,rolling_mean,future,2,6.0,,medium,2020-01-01,2020-02-11,synthetic-web-v1
2020-02-11,2020-02-13,SYN_C,SYN_ITEM1,SYN_D1,seasonal_naive_7,future,2,4.0,,medium,2020-01-01,2020-02-11,synthetic-web-v1
2020-02-11,2020-02-13,SYN_C,SYN_ITEM2,SYN_D2,last_value,future,2,10.0,,medium,2020-01-01,2020-02-11,synthetic-web-v1
2020-02-11,2020-02-13,SYN_C,SYN_ITEM2,SYN_D2,rolling_mean,future,2,7.0,,medium,2020-01-01,2020-02-11,synthetic-web-v1
2020-02-11,2020-02-13,SYN_C,SYN_ITEM2,SYN_D2,seasonal_naive_7,future,2,5.0,,medium,2020-01-01,2020-02-11,synthetic-web-v1
2020-02-11,2020-02-14,SYN_A,SYN_ITEM1,SYN_D1,last_value,future,3,7.0,,medium,2020-01-01,2020-02-11,synthetic-web-v1
2020-02-11,2020-02-14,SYN_A,SYN_ITEM1,SYN_D1,rolling_mean,future,3,4.0,,medium,2020-01-01,2020-02-11,synthetic-web-v1
2020-02-11,2020-02-14,SYN_A,SYN_ITEM1,SYN_D1,seasonal_naive_7,future,3,3.0,,medium,2020-01-01,2020-02-11,synthetic-web-v1
2020-02-11,2020-02-14,SYN_A,SYN_ITEM2,SYN_D2,last_value,future,3,8.0,,medium,2020-01-01,2020-02-11,synthetic-web-v1
2020-02-11,2020-02-14,SYN_A,SYN_ITEM2,SYN_D2,rolling_mean,future,3,5.0,,medium,2020-01-01,2020-02-11,synthetic-web-v1
2020-02-11,2020-02-14,SYN_A,SYN_ITEM2,SYN_D2,seasonal_naive_7,future,3,4.0,,medium,2020-01-01,2020-02-11,synthetic-web-v1
2020-02-11,2020-02-14,SYN_B,SYN_ITEM1,SYN_D1,last_value,future,3,8.0,,medium,2020-01-01,2020-02-11,synthetic-web-v1
2020-02-11,2020-02-14,SYN_B,SYN_ITEM1,SYN_D1,rolling_mean,future,3,5.0,,medium,2020-01-01,2020-02-11,synthetic-web-v1
2020-02-11,2020-02-14,SYN_B,SYN_ITEM1,SYN_D1,seasonal_naive_7,future,3,4.0,,medium,2020-01-01,2020-02-11,synthetic-web-v1
2020-02-11,2020-02-14,SYN_B,SYN_ITEM2,SYN_D2,last_value,future,3,9.0,,medium,2020-01-01,2020-02-11,synthetic-web-v1
2020-02-11,2020-02-14,SYN_B,SYN_ITEM2,SYN_D2,rolling_mean,future,3,6.0,,medium,2020-01-01,2020-02-11,synthetic-web-v1
2020-02-11,2020-02-14,SYN_B,SYN_ITEM2,SYN_D2,seasonal_naive_7,future,3,5.0,,medium,2020-01-01,2020-02-11,synthetic-web-v1
2020-02-11,2020-02-14,SYN_C,SYN_ITEM1,SYN_D1,last_value,future,3,9.0,,medium,2020-01-01,2020-02-11,synthetic-web-v1
2020-02-11,2020-02-14,SYN_C,SYN_ITEM1,SYN_D1,rolling_mean,future,3,6.0,,medium,2020-01-01,2020-02-11,synthetic-web-v1
2020-02-11,2020-02-14,SYN_C,SYN_ITEM1,SYN_D1,seasonal_naive_7,future,3,5.0,,medium,2020-01-01,2020-02-11,synthetic-web-v1
2020-02-11,2020-02-14,SYN_C,SYN_ITEM2,SYN_D2,last_value,future,3,10.0,,medium,2020-01-01,2020-02-11,synthetic-web-v1
2020-02-11,2020-02-14,SYN_C,SYN_ITEM2,SYN_D2,rolling_mean,future,3,7.0,,medium,2020-01-01,2020-02-11,synthetic-web-v1
2020-02-11,2020-02-14,SYN_C,SYN_ITEM2,SYN_D2,seasonal_naive_7,future,3,6.0,,medium,2020-01-01,2020-02-11,synthetic-web-v1
2020-02-11,2020-02-15,SYN_A,SYN_ITEM1,SYN_D1,last_value,future,4,7.0,,medium,2020-01-01,2020-02-11,synthetic-web-v1
2020-02-11,2020-02-15,SYN_A,SYN_ITEM1,SYN_D1,rolling_mean,future,4,4.0,,medium,2020-01-01,2020-02-11,synthetic-web-v1
2020-02-11,2020-02-15,SYN_A,SYN_ITEM1,SYN_D1,seasonal_naive_7,future,4,4.0,,medium,2020-01-01,2020-02-11,synthetic-web-v1
2020-02-11,2020-02-15,SYN_A,SYN_ITEM2,SYN_D2,last_value,future,4,8.0,,medium,2020-01-01,2020-02-11,synthetic-web-v1
2020-02-11,2020-02-15,SYN_A,SYN_ITEM2,SYN_D2,rolling_mean,future,4,5.0,,medium,2020-01-01,2020-02-11,synthetic-web-v1
2020-02-11,2020-02-15,SYN_A,SYN_ITEM2,SYN_D2,seasonal_naive_7,future,4,5.0,,medium,2020-01-01,2020-02-11,synthetic-web-v1
2020-02-11,2020-02-15,SYN_B,SYN_ITEM1,SYN_D1,last_value,future,4,8.0,,medium,2020-01-01,2020-02-11,synthetic-web-v1
2020-02-11,2020-02-15,SYN_B,SYN_ITEM1,SYN_D1,rolling_mean,future,4,5.0,,medium,2020-01-01,2020-02-11,synthetic-web-v1
2020-02-11,2020-02-15,SYN_B,SYN_ITEM1,SYN_D1,seasonal_naive_7,future,4,5.0,,medium,2020-01-01,2020-02-11,synthetic-web-v1
2020-02-11,2020-02-15,SYN_B,SYN_ITEM2,SYN_D2,last_value,future,4,9.0,,medium,2020-01-01,2020-02-11,synthetic-web-v1
2020-02-11,2020-02-15,SYN_B,SYN_ITEM2,SYN_D2,rolling_mean,future,4,6.0,,medium,2020-01-01,2020-02-11,synthetic-web-v1
2020-02-11,2020-02-15,SYN_B,SYN_ITEM2,SYN_D2,seasonal_naive_7,future,4,6.0,,medium,2020-01-01,2020-02-11,synthetic-web-v1
2020-02-11,2020-02-15,SYN_C,SYN_ITEM1,SYN_D1,last_value,future,4,9.0,,medium,2020-01-01,2020-02-11,synthetic-web-v1
2020-02-11,2020-02-15,SYN_C,SYN_ITEM1,SYN_D1,rolling_mean,future,4,6.0,,medium,2020-01-01,2020-02-11,synthetic-web-v1
2020-02-11,2020-02-15,SYN_C,SYN_ITEM1,SYN_D1,seasonal_naive_7,future,4,6.0,,medium,2020-01-01,2020-02-11,synthetic-web-v1
2020-02-11,2020-02-15,SYN_C,SYN_ITEM2,SYN_D2,last_value,future,4,10.0,,medium,2020-01-01,2020-02-11,synthetic-web-v1
2020-02-11,2020-02-15,SYN_C,SYN_ITEM2,SYN_D2,rolling_mean,future,4,7.0,,medium,2020-01-01,2020-02-11,synthetic-web-v1
2020-02-11,2020-02-15,SYN_C,SYN_ITEM2,SYN_D2,seasonal_naive_7,future,4,7.0,,medium,2020-01-01,2020-02-11,synthetic-web-v1
2020-02-11,2020-02-16,SYN_A,SYN_ITEM1,SYN_D1,last_value,future,5,7.0,,medium,2020-01-01,2020-02-11,synthetic-web-v1
2020-02-11,2020-02-16,SYN_A,SYN_ITEM1,SYN_D1,rolling_mean,future,5,4.0,,medium,2020-01-01,2020-02-11,synthetic-web-v1
2020-02-11,2020-02-16,SYN_A,SYN_ITEM1,SYN_D1,seasonal_naive_7,future,5,5.0,,medium,2020-01-01,2020-02-11,synthetic-web-v1
2020-02-11,2020-02-16,SYN_A,SYN_ITEM2,SYN_D2,last_value,future,5,8.0,,medium,2020-01-01,2020-02-11,synthetic-web-v1
2020-02-11,2020-02-16,SYN_A,SYN_ITEM2,SYN_D2,rolling_mean,future,5,5.0,,medium,2020-01-01,2020-02-11,synthetic-web-v1
2020-02-11,2020-02-16,SYN_A,SYN_ITEM2,SYN_D2,seasonal_naive_7,future,5,6.0,,medium,2020-01-01,2020-02-11,synthetic-web-v1
2020-02-11,2020-02-16,SYN_B,SYN_ITEM1,SYN_D1,last_value,future,5,8.0,,medium,2020-01-01,2020-02-11,synthetic-web-v1
2020-02-11,2020-02-16,SYN_B,SYN_ITEM1,SYN_D1,rolling_mean,future,5,5.0,,medium,2020-01-01,2020-02-11,synthetic-web-v1
2020-02-11,2020-02-16,SYN_B,SYN_ITEM1,SYN_D1,seasonal_naive_7,future,5,6.0,,medium,2020-01-01,2020-02-11,synthetic-web-v1
2020-02-11,2020-02-16,SYN_B,SYN_ITEM2,SYN_D2,last_value,future,5,9.0,,medium,2020-01-01,2020-02-11,synthetic-web-v1
2020-02-11,2020-02-16,SYN_B,SYN_ITEM2,SYN_D2,rolling_mean,future,5,6.0,,medium,2020-01-01,2020-02-11,synthetic-web-v1
2020-02-11,2020-02-16,SYN_B,SYN_ITEM2,SYN_D2,seasonal_naive_7,future,5,7.0,,medium,2020-01-01,2020-02-11,synthetic-web-v1
2020-02-11,2020-02-16,SYN_C,SYN_ITEM1,SYN_D1,last_value,future,5,9.0,,medium,2020-01-01,2020-02-11,synthetic-web-v1
2020-02-11,2020-02-16,SYN_C,SYN_ITEM1,SYN_D1,rolling_mean,future,5,6.0,,medium,2020-01-01,2020-02-11,synthetic-web-v1
2020-02-11,2020-02-16,SYN_C,SYN_ITEM1,SYN_D1,seasonal_naive_7,future,5,7.0,,medium,2020-01-01,2020-02-11,synthetic-web-v1
2020-02-11,2020-02-16,SYN_C,SYN_ITEM2,SYN_D2,last_value,future,5,10.0,,medium,2020-01-01,2020-02-11,synthetic-web-v1
2020-02-11,2020-02-16,SYN_C,SYN_ITEM2,SYN_D2,rolling_mean,future,5,7.0,,medium,2020-01-01,2020-02-11,synthetic-web-v1
2020-02-11,2020-02-16,SYN_C,SYN_ITEM2,SYN_D2,seasonal_naive_7,future,5,8.0,,medium,2020-01-01,2020-02-11,synthetic-web-v1
2020-02-11,2020-02-17,SYN_A,SYN_ITEM1,SYN_D1,last_value,future,6,7.0,,medium,2020-01-01,2020-02-11,synthetic-web-v1
2020-02-11,2020-02-17,SYN_A,SYN_ITEM1,SYN_D1,rolling_mean,future,6,4.0,,medium,2020-01-01,2020-02-11,synthetic-web-v1
2020-02-11,2020-02-17,SYN_A,SYN_ITEM1,SYN_D1,seasonal_naive_7,future,6,6.0,,medium,2020-01-01,2020-02-11,synthetic-web-v1
2020-02-11,2020-02-17,SYN_A,SYN_ITEM2,SYN_D2,last_value,future,6,8.0,,medium,2020-01-01,2020-02-11,synthetic-web-v1
2020-02-11,2020-02-17,SYN_A,SYN_ITEM2,SYN_D2,rolling_mean,future,6,5.0,,medium,2020-01-01,2020-02-11,synthetic-web-v1
2020-02-11,2020-02-17,SYN_A,SYN_ITEM2,SYN_D2,seasonal_naive_7,future,6,7.0,,medium,2020-01-01,2020-02-11,synthetic-web-v1
2020-02-11,2020-02-17,SYN_B,SYN_ITEM1,SYN_D1,last_value,future,6,8.0,,medium,2020-01-01,2020-02-11,synthetic-web-v1
2020-02-11,2020-02-17,SYN_B,SYN_ITEM1,SYN_D1,rolling_mean,future,6,5.0,,medium,2020-01-01,2020-02-11,synthetic-web-v1
2020-02-11,2020-02-17,SYN_B,SYN_ITEM1,SYN_D1,seasonal_naive_7,future,6,7.0,,medium,2020-01-01,2020-02-11,synthetic-web-v1
2020-02-11,2020-02-17,SYN_B,SYN_ITEM2,SYN_D2,last_value,future,6,9.0,,medium,2020-01-01,2020-02-11,synthetic-web-v1
2020-02-11,2020-02-17,SYN_B,SYN_ITEM2,SYN_D2,rolling_mean,future,6,6.0,,medium,2020-01-01,2020-02-11,synthetic-web-v1
2020-02-11,2020-02-17,SYN_B,SYN_ITEM2,SYN_D2,seasonal_naive_7,future,6,8.0,,medium,2020-01-01,2020-02-11,synthetic-web-v1
2020-02-11,2020-02-17,SYN_C,SYN_ITEM1,SYN_D1,last_value,future,6,9.0,,medium,2020-01-01,2020-02-11,synthetic-web-v1
2020-02-11,2020-02-17,SYN_C,SYN_ITEM1,SYN_D1,rolling_mean,future,6,6.0,,medium,2020-01-01,2020-02-11,synthetic-web-v1
2020-02-11,2020-02-17,SYN_C,SYN_ITEM1,SYN_D1,seasonal_naive_7,future,6,8.0,,medium,2020-01-01,2020-02-11,synthetic-web-v1
2020-02-11,2020-02-17,SYN_C,SYN_ITEM2,SYN_D2,last_value,future,6,10.0,,medium,2020-01-01,2020-02-11,synthetic-web-v1
2020-02-11,2020-02-17,SYN_C,SYN_ITEM2,SYN_D2,rolling_mean,future,6,7.0,,medium,2020-01-01,2020-02-11,synthetic-web-v1
2020-02-11,2020-02-17,SYN_C,SYN_ITEM2,SYN_D2,seasonal_naive_7,future,6,9.0,,medium,2020-01-01,2020-02-11,synthetic-web-v1
2020-02-11,2020-02-18,SYN_A,SYN_ITEM1,SYN_D1,last_value,future,7,7.0,,medium,2020-01-01,2020-02-11,synthetic-web-v1
2020-02-11,2020-02-18,SYN_A,SYN_ITEM1,SYN_D1,rolling_mean,future,7,4.0,,medium,2020-01-01,2020-02-11,synthetic-web-v1
2020-02-11,2020-02-18,SYN_A,SYN_ITEM1,SYN_D1,seasonal_naive_7,future,7,7.0,,medium,2020-01-01,2020-02-11,synthetic-web-v1
2020-02-11,2020-02-18,SYN_A,SYN_ITEM2,SYN_D2,last_value,future,7,8.0,,medium,2020-01-01,2020-02-11,synthetic-web-v1
2020-02-11,2020-02-18,SYN_A,SYN_ITEM2,SYN_D2,rolling_mean,future,7,5.0,,medium,2020-01-01,2020-02-11,synthetic-web-v1
2020-02-11,2020-02-18,SYN_A,SYN_ITEM2,SYN_D2,seasonal_naive_7,future,7,8.0,,medium,2020-01-01,2020-02-11,synthetic-web-v1
2020-02-11,2020-02-18,SYN_B,SYN_ITEM1,SYN_D1,last_value,future,7,8.0,,medium,2020-01-01,2020-02-11,synthetic-web-v1
2020-02-11,2020-02-18,SYN_B,SYN_ITEM1,SYN_D1,rolling_mean,future,7,5.0,,medium,2020-01-01,2020-02-11,synthetic-web-v1
2020-02-11,2020-02-18,SYN_B,SYN_ITEM1,SYN_D1,seasonal_naive_7,future,7,8.0,,medium,2020-01-01,2020-02-11,synthetic-web-v1
2020-02-11,2020-02-18,SYN_B,SYN_ITEM2,SYN_D2,last_value,future,7,9.0,,medium,2020-01-01,2020-02-11,synthetic-web-v1
2020-02-11,2020-02-18,SYN_B,SYN_ITEM2,SYN_D2,rolling_mean,future,7,6.0,,medium,2020-01-01,2020-02-11,synthetic-web-v1
2020-02-11,2020-02-18,SYN_B,SYN_ITEM2,SYN_D2,seasonal_naive_7,future,7,9.0,,medium,2020-01-01,2020-02-11,synthetic-web-v1
2020-02-11,2020-02-18,SYN_C,SYN_ITEM1,SYN_D1,last_value,future,7,9.0,,medium,2020-01-01,2020-02-11,synthetic-web-v1
2020-02-11,2020-02-18,SYN_C,SYN_ITEM1,SYN_D1,rolling_mean,future,7,6.0,,medium,2020-01-01,2020-02-11,synthetic-web-v1
2020-02-11,2020-02-18,SYN_C,SYN_ITEM1,SYN_D1,seasonal_naive_7,future,7,9.0,,medium,2020-01-01,2020-02-11,synthetic-web-v1
2020-02-11,2020-02-18,SYN_C,SYN_ITEM2,SYN_D2,last_value,future,7,10.0,,medium,2020-01-01,2020-02-11,synthetic-web-v1
2020-02-11,2020-02-18,SYN_C,SYN_ITEM2,SYN_D2,rolling_mean,future,7,7.0,,medium,2020-01-01,2020-02-11,synthetic-web-v1
2020-02-11,2020-02-18,SYN_C,SYN_ITEM2,SYN_D2,seasonal_naive_7,future,7,10.0,,medium,2020-01-01,2020-02-11,synthetic-web-v1
