item_id,store_id,dept_id,cat_id,state_id,pipeline_run_id,ingestion_ts,source_checksum,d,units,date,wm_yr_wk,sell_price,price_missing,revenue_proxy,rolling_7d,rolling_28d,price_change_pct,demand_spike_flag,data_freshness
SYN_ITEM1,SYN_A,SYN_D1,SYN_CAT,SYN_STATE,synthetic-fixture,2020-02-12T00:00:00+00:00,16ffff886ee3e173676f8d3768e81c1e0ecc16a3a0e6c97b0cc352933267ae00,d_1,1,2020-01-01,100,,True,,,,,False,1
SYN_ITEM1,SYN_A,SYN_D1,SYN_CAT,SYN_STATE,synthetic-fixture,2020-02-12T00:00:00+00:00,16ffff886ee3e173676f8d3768e81c1e0ecc16a3a0e6c97b0cc352933267ae00,d_10,3,2020-01-10,101,2.1,False,6.300000000000001,4.0,,0.0,False,1
SYN_ITEM1,SYN_A,SYN_D1,SYN_CAT,SYN_STATE,synthetic-fixture,2020-02-12T00:00:00+00:00,16ffff886ee3e173676f8d3768e81c1e0ecc16a3a0e6c97b0cc352933267ae00,d_11,4,2020-01-11,101,2.1,False,8.4,4.0,,0.0,False,1
SYN_ITEM1,SYN_A,SYN_D1,SYN_CAT,SYN_STATE,synthetic-fixture,2020-02-12T00:00:00+00:00,16ffff886ee3e173676f8d3768e81c1e0ecc16a3a0e6c97b0cc352933267ae00,d_12,5,2020-01-12,101,2.1,False,10.5,4.0,,0.0,False,1
SYN_ITEM1,SYN_A,SYN_D1,SYN_CAT,SYN_STATE,synthetic-fixture,2020-02-12T00:00:00+00:00,16ffff886ee3e173676f8d3768e81c1e0ecc16a3a0e6c97b0cc352933267ae00,d_13,6,2020-01-13,101,2.1,False,12.600000000000001,4.0,,0.0,False,1
SYN_ITEM1,SYN_A,SYN_D1,SYN_CAT,SYN_STATE,synthetic-fixture,2020-02-12T00:00:00+00:00,16ffff886ee3e173676f8d3768e81c1e0ecc16a3a0e6c97b0cc352933267ae00,d_14,7,2020-01-14,101,2.1,False,14.700000000000001,4.0,,0.0,False,1
SYN_ITEM1,SYN_A,SYN_D1,SYN_CAT,SYN_STATE,synthetic-fixture,2020-02-12T00:00:00+00:00,16ffff886ee3e173676f8d3768e81c1e0ecc16a3a0e6c97b0cc352933267ae00,d_15,1,2020-01-15,102,2.2,False,2.2,4.0,,4.761904761904766,False,1
SYN_ITEM1,SYN_A,SYN_D1,SYN_CAT,SYN_STATE,synthetic-fixture,2020-02-12T00:00:00+00:00,16ffff886ee3e173676f8d3768e81c1e0ecc16a3a0e6c97b0cc352933267ae00,d_16,2,2020-01-16,102,2.2,False,4.4,4.0,,0.0,False,1
SYN_ITEM1,SYN_A,SYN_D1,SYN_CAT,SYN_STATE,synthetic-fixture,2020-02-12T00:00:00+00:00,16ffff886ee3e173676f8d3768e81c1e0ecc16a3a0e6c97b0cc352933267ae00,d_17,3,2020-01-17,102,2.2,False,6.6000000000000005,4.0,,0.0,False,1
SYN_ITEM1,SYN_A,SYN_D1,SYN_CAT,SYN_STATE,synthetic-fixture,2020-02-12T00:00:00+00:00,16ffff886ee3e173676f8d3768e81c1e0ecc16a3a0e6c97b0cc352933267ae00,d_18,4,2020-01-18,102,2.2,False,8.8,4.0,,0.0,False,1
SYN_ITEM1,SYN_A,SYN_D1,SYN_CAT,SYN_STATE,synthetic-fixture,2020-02-12T00:00:00+00:00,16ffff886ee3e173676f8d3768e81c1e0ecc16a3a0e6c97b0cc352933267ae00,d_19,5,2020-01-19,102,2.2,False,11.0,4.0,,0.0,False,1
SYN_ITEM1,SYN_A,SYN_D1,SYN_CAT,SYN_STATE,synthetic-fixture,2020-02-12T00:00:00+00:00,16ffff886ee3e173676f8d3768e81c1e0ecc16a3a0e6c97b0cc352933267ae00,d_2,2,2020-01-02,100,,True,,,,,False,1
SYN_ITEM1,SYN_A,SYN_D1,SYN_CAT,SYN_STATE,synthetic-fixture,2020-02-12T00:00:00+00:00,16ffff886ee3e173676f8d3768e81c1e0ecc16a3a0e6c97b0cc352933267ae00,d_20,6,2020-01-20,102,2.2,False,13.200000000000001,4.0,,0.0,False,1
SYN_ITEM1,SYN_A,SYN_D1,SYN_CAT,SYN_STATE,synthetic-fixture,2020-02-12T00:00:00+00:00,16ffff886ee3e173676f8d3768e81c1e0ecc16a3a0e6c97b0cc352933267ae00,d_21,7,2020-01-21,102,2.2,False,15.400000000000002,4.0,,0.0,False,1
SYN_ITEM1,SYN_A,SYN_D1,SYN_CAT,SYN_STATE,synthetic-fixture,2020-02-12T00:00:00+00:00,16ffff886ee3e173676f8d3768e81c1e0ecc16a3a0e6c97b0cc352933267ae00,d_22,1,2020-01-22,103,2.3,False,2.3,4.0,,4.545454545454529,False,1
SYN_ITEM1,SYN_A,SYN_D1,SYN_CAT,SYN_STATE,synthetic-fixture,2020-02-12T00:00:00+00:00,16ffff886ee3e173676f8d3768e81c1e0ecc16a3a0e6c97b0cc352933267ae00,d_23,2,2020-01-23,103,2.3,False,4.6,4.0,,0.0,False,1
SYN_ITEM1,SYN_A,SYN_D1,SYN_CAT,SYN_STATE,synthetic-fixture,2020-02-12T00:00:00+00:00,16ffff886ee3e173676f8d3768e81c1e0ecc16a3a0e6c97b0cc352933267ae00,d_24,3,2020-01-24,103,2.3,False,6.8999999999999995,4.0,,0.0,False,1
SYN_ITEM1,SYN_A,SYN_D1,SYN_CAT,SYN_STATE,synthetic-fixture,2020-02-12T00:00:00+00:00,16ffff886ee3e173676f8d3768e81c1e0ecc16a3a0e6c97b0cc352933267ae00,d_25,4,2020-01-25,103,2.3,False,9.2,4.0,,0.0,False,1
SYN_ITEM1,SYN_A,SYN_D1,SYN_CAT,SYN_STATE,synthetic-fixture,2020-02-12T00:00:00+00:00,16ffff886ee3e173676f8d3768e81c1e0ecc16a3a0e6c97b0cc352933267ae00,d_26,5,2020-01-26,103,2.3,False,11.5,4.0,,0.0,False,1
SYN_ITEM1,SYN_A,SYN_D1,SYN_CAT,SYN_STATE,synthetic-fixture,2020-02-12T00:00:00+00:00,16ffff886ee3e173676f8d3768e81c1e0ecc16a3a0e6c97b0cc352933267ae00,d_27,6,2020-01-27,103,2.3,False,13.799999999999999,4.0,,0.0,False,1
SYN_ITEM1,SYN_A,SYN_D1,SYN_CAT,SYN_STATE,synthetic-fixture,2020-02-12T00:00:00+00:00,16ffff886ee3e173676f8d3768e81c1e0ecc16a3a0e6c97b0cc352933267ae00,d_28,7,2020-01-28,103,2.3,False,16.099999999999998,4.0,,0.0,False,1
SYN_ITEM1,SYN_A,SYN_D1,SYN_CAT,SYN_STATE,synthetic-fixture,2020-02-12T00:00:00+00:00,16ffff886ee3e173676f8d3768e81c1e0ecc16a3a0e6c97b0cc352933267ae00,d_29,1,2020-01-29,104,2.4,False,2.4,4.0,4.0,4.347826086956526,False,1
SYN_ITEM1,SYN_A,SYN_D1,SYN_CAT,SYN_STATE,synthetic-fixture,2020-02-12T00:00:00+00:00,16ffff886ee3e173676f8d3768e81c1e0ecc16a3a0e6c97b0cc352933267ae00,d_3,3,2020-01-03,100,,True,,,,,False,1
SYN_ITEM1,SYN_A,SYN_D1,SYN_CAT,SYN_STATE,synthetic-fixture,2020-02-12T00:00:00+00:00,16ffff886ee3e173676f8d3768e81c1e0ecc16a3a0e6c97b0cc352933267ae00,d_30,2,2020-01-30,104,2.4,False,4.8,4.0,4.0,0.0,False,1
SYN_ITEM1,SYN_A,SYN_D1,SYN_CAT,SYN_STATE,synthetic-fixture,2020-02-12T00:00:00+00:00,16ffff886ee3e173676f8d3768e81c1e0ecc16a3a0e6c97b0cc352933267ae00,d_31,3,2020-01-31,104,2.4,False,7.199999999999999,4.0,4.0,0.0,False,1
SYN_ITEM1,SYN_A,SYN_D1,SYN_CAT,SYN_STATE,synthetic-fixture,2020-02-12T00:00:00+00:00,16ffff886ee3e173676f8d3768e81c1e0ecc16a3a0e6c97b0cc352933267ae00,d_32,4,2020-02-01,104,2.4,False,9.6,4.0,4.0,0.0,False,1
SYN_ITEM1,SYN_A,SYN_D1,SYN_CAT,SYN_STATE,synthetic-fixture,2020-02-12T00:00:00+00:00,16ffff886ee3e173676f8d3768e81c1e0ecc16a3a0e6c97b0cc352933267ae00,d_33,5,2020-02-02,104,2.4,False,12.0,4.0,4.0,0.0,False,1
SYN_ITEM1,SYN_A,SYN_D1,SYN_CAT,SYN_STATE,synthetic-fixture,2020-02-12T00:00:00+00:00,16ffff886ee3e173676f8d3768e81c1e0ecc16a3a0e6c97b0cc352933267ae00,d_34,6,2020-02-03,104,2.4,False,14.399999999999999,4.0,4.0,0.0,False,1
SYN_ITEM1,SYN_A,SYN_D1,SYN_CAT,SYN_STATE,synthetic-fixture,2020-02-12T00:00:00+00:00,16ffff886ee3e173676f8d3768e81c1e0ecc16a3a0e6c97b0cc352933267ae00,d_35,7,2020-02-04,104,2.4,False,16.8,4.0,4.0,0.0,False,1
SYN_ITEM1,SYN_A,SYN_D1,SYN_CAT,SYN_STATE,synthetic-fixture,2020-02-12T00:00:00+00:00,16ffff886ee3e173676f8d3768e81c1e0ecc16a3a0e6c97b0cc352933267ae00,d_36,1,2020-02-05,105,2.5,False,2.5,4.0,4.0,4.1666666666666705,False,1
SYN_ITEM1,SYN_A,SYN_D1,SYN_CAT,SYN_STATE,synthetic-fixture,2020-02-12T00:00:00+00:00,16ffff886ee3e173676f8d3768e81c1e0ecc16a3a0e6c97b0cc352933267ae00,d_37,2,2020-02-06,105,2.5,False,5.0,4.0,4.0,0.0,False,1
SYN_ITEM1,SYN_A,SYN_D1,SYN_CAT,SYN_STATE,synthetic-fixture,2020-02-12T00:00:00+00:00,16ffff886ee3e173676f8d3768e81c1e0ecc16a3a0e6c97b0cc352933267ae00,d_38,3,2020-02-07,105,2.5,False,7.5,4.0,4.0,0.0,False,1
SYN_ITEM1,SYN_A,SYN_D1,SYN_CAT,SYN_STATE,synthetic-fixture,2020-02-12T00:00:00+00:00,16ffff886ee3e173676f8d3768e81c1e0ecc16a3a0e6c97b0cc352933267ae00,d_39,4,2020-02-08,105,2.5,False,10.0,4.0,4.0,0.0,False,1
SYN_ITEM1,SYN_A,SYN_D1,SYN_CAT,SYN_STATE,synthetic-fixture,2020-02-12T00:00:00+00:00,16ffff886ee3e173676f8d3768e81c1e0ecc16a3a0e6c97b0cc352933267ae00,d_4,4,2020-01-04,100,,True,,,,,False,1
SYN_ITEM1,SYN_A,SYN_D1,SYN_CAT,SYN_STATE,synthetic-fixture,2020-02-12T00:00:00+00:00,16ffff886ee3e173676f8d3768e81c1e0ecc16a3a0e6c97b0cc352933267ae00,d_40,5,2020-02-09,105,2.5,False,12.5,4.0,4.0,0.0,False,1
SYN_ITEM1,SYN_A,SYN_D1,SYN_CAT,SYN_STATE,synthetic-fixture,2020-02-12T00:00:00+00:00,16ffff886ee3e173676f8d3768e81c1e0ecc16a3a0e6c97b0cc352933267ae00,d_41,6,2020-02-10,105,2.5,False,15.0,4.0,4.0,0.0,False,1
SYN_ITEM1,SYN_A,SYN_D1,SYN_CAT,SYN_STATE,synthetic-fixture,2020-02-12T00:00:00+00:00,16ffff886ee3e173676f8d3768e81c1e0ecc16a3a0e6c97b0cc352933267ae00,d_42,7,2020-02-11,105,2.5,False,17.5,4.0,4.0,0.0,False,1
SYN_ITEM1,SYN_A,SYN_D1,SYN_CAT,SYN_STATE,synthetic-fixture,2020-02-12T00:00:00+00:00,16ffff886ee3e173676f8d3768e81c1e0ecc16a3a0e6c97b0cc352933267ae00,d_5,5,2020-01-05,100,,True,,,,,False,1
SYN_ITEM1,SYN_A,SYN_D1,SYN_CAT,SYN_STATE,synthetic-fixture,2020-02-12T00:00:00+00:00,16ffff886ee3e173676f8d3768e81c1e0ecc16a3a0e6c97b0cc352933267ae00,d_6,6,2020-01-06,100,,True,,,,,False,1
SYN_ITEM1,SYN_A,SYN_D1,SYN_CAT,SYN_STATE,synthetic-fixture,2020-02-12T00:00:00+00:00,16ffff886ee3e173676f8d3768e81c1e0ecc16a3a0e6c97b0cc352933267ae00,d_7,7,2020-01-07,100,,True,,,,,False,1
SYN_ITEM1,SYN_A,SYN_D1,SYN_CAT,SYN_STATE,synthetic-fixture,2020-02-12T00:00:00+00:00,16ffff886ee3e173676f8d3768e81c1e0ecc16a3a0e6c97b0cc352933267ae00,d_8,1,2020-01-08,101,2.1,False,2.1,4.0,,,False,1
SYN_ITEM1,SYN_A,SYN_D1,SYN_CAT,SYN_STATE,synthetic-fixture,2020-02-12T00:00:00+00:00,16ffff886ee3e173676f8d3768e81c1e0ecc16a3a0e6c97b0cc352933267ae00,d_9,2,2020-01-09,101,2.1,False,4.2,4.0,,0.0,False,1
SYN_ITEM1,SYN_B,SYN_D1,SYN_CAT,SYN_STATE,synthetic-fixture,2020-02-12T00:00:00+00:00,16ffff886ee3e173676f8d3768e81c1e0ecc16a3a0e6c97b0cc352933267ae00,d_1,2,2020-01-01,100,2.0,False,4.0,,,,False,1
SYN_ITEM1,SYN_B,SYN_D1,SYN_CAT,SYN_STATE,synthetic-fixture,2020-02-12T00:00:00+00:00,16ffff886ee3e173676f8d3768e81c1e0ecc16a3a0e6c97b0cc352933267ae00,d_10,4,2020-01-10,101,2.1,False,8.4,5.0,,0.0,False,1
SYN_ITEM1,SYN_B,SYN_D1,SYN_CAT,SYN_STATE,synthetic-fixture,2020-02-12T00:00:00+00:00,16ffff886ee3e173676f8d3768e81c1e0ecc16a3a0e6c97b0cc352933267ae00,d_11,5,2020-01-11,101,2.1,False,10.5,5.0,,0.0,False,1
SYN_ITEM1,SYN_B,SYN_D1,SYN_CAT,SYN_STATE,synthetic-fixture,2020-02-12T00:00:00+00:00,16ffff886ee3e173676f8d3768e81c1e0ecc16a3a0e6c97b0cc352933267ae00,d_12,6,2020-01-12,101,2.1,False,12.600000000000001,5.0,,0.0,False,1
SYN_ITEM1,SYN_B,SYN_D1,SYN_CAT,SYN_STATE,synthetic-fixture,2020-02-12T00:00:00+00:00,16ffff886ee3e173676f8d3768e81c1e0ecc16a3a0e6c97b0cc352933267ae00,d_13,7,2020-01-13,101,2.1,False,14.700000000000001,5.0,,0.0,False,1
SYN_ITEM1,SYN_B,SYN_D1,SYN_CAT,SYN_STATE,synthetic-fixture,2020-02-12T00:00:00+00:00,16ffff886ee3e173676f8d3768e81c1e0ecc16a3a0e6c97b0cc352933267ae00,d_14,8,2020-01-14,101,2.1,False,16.8,5.0,,0.0,False,1
SYN_ITEM1,SYN_B,SYN_D1,SYN_CAT,SYN_STATE,synthetic-fixture,2020-02-12T00:00:00+00:00,16ffff886ee3e173676f8d3768e81c1e0ecc16a3a0e6c97b0cc352933267ae00,d_15,2,2020-01-15,102,2.2,False,4.4,5.0,,4.761904761904766,False,1
SYN_ITEM1,SYN_B,SYN_D1,SYN_CAT,SYN_STATE,synthetic-fixture,2020-02-12T00:00:00+00:00,16ffff886ee3e173676f8d3768e81c1e0ecc16a3a0e6c97b0cc352933267ae00,d_16,3,2020-01-16,102,2.2,False,6.6000000000000005,5.0,,0.0,False,1
SYN_ITEM1,SYN_B,SYN_D1,SYN_CAT,SYN_STATE,synthetic-fixture,2020-02-12T00:00:00+00:00,16ffff886ee3e173676f8d3768e81c1e0ecc16a3a0e6c97b0cc352933267ae00,d_17,4,2020-01-17,102,2.2,False,8.8,5.0,,0.0,False,1
SYN_ITEM1,SYN_B,SYN_D1,SYN_CAT,SYN_STATE,synthetic-fixture,2020-02-12T00:00:00+00:00,16ffff886ee3e173676f8d3768e81c1e0ecc16a3a0e6c97b0cc352933267ae00,d_18,5,2020-01-18,102,2.2,False,11.0,5.0,,0.0,False,1
SYN_ITEM1,SYN_B,SYN_D1,SYN_CAT,SYN_STATE,synthetic-fixture,2020-02-12T00:00:00+00:00,16ffff886ee3e173676f8d3768e81c1e0ecc16a3a0e6c97b0cc352933267ae00,d_19,6,2020-01-19,102,2.2,False,13.200000000000001,5.0,,0.0,False,1
SYN_ITEM1,SYN_B,SYN_D1,SYN_CAT,SYN_STATE,synthetic-fixture,2020-02-12T00:00:00+00:00,16ffff886ee3e173676f8d3768e81c1e0ecc16a3a0e6c97b0cc352933267ae00,d_2,3,2020-01-02,100,2.0,False,6.0,,,0.0,False,1
SYN_ITEM1,SYN_B,SYN_D1,SYN_CAT,SYN_STATE,synthetic-fixture,2020-02-12T00:00:00+00:00,16ffff886ee3e173676f8d3768e81c1e0ecc16a3a0e6c97b0cc352933267ae00,d_20,7,2020-01-20,102,2.2,False,15.400000000000002,5.0,,0.0,False,1
SYN_ITEM1,SYN_B,SYN_D1,SYN_CAT,SYN_STATE,synthetic-fixture,2020-02-12T00:00:00+00:00,16ffff886ee3e173676f8d3768e81c1e0ecc16a3a0e6c97b0cc352933267ae00,d_21,8,2020-01-21,102,2.2,False,17.6,5.0,,0.0,False,1
SYN_ITEM1,SYN_B,SYN_D1,SYN_CAT,SYN_STATE,synthetic-fixture,2020-02-12T00:00:00+00:00,16ffff886ee3e173676f8d3768e81c1e0ecc16a3a0e6c97b0cc352933267ae00,d_22,2,2020-01-22,103,2.3,False,4.6,5.0,,4.545454545454529,False,1
SYN_ITEM1,SYN_B,SYN_D1,SYN_CAT,SYN_STATE,synthetic-fixture,2020-02-12T00:00:00+00:00,16ffff886ee3e173676f8d3768e81c1e0ecc16a3a0e6c97b0cc352933267ae00,d_23,3,2020-01-23,103,2.3,False,6.8999999999999995,5.0,,0.0,False,1
SYN_ITEM1,SYN_B,SYN_D1,SYN_CAT,SYN_STATE,synthetic-fixture,2020-02-12T00:00:00+00:00,16ffff886ee3e173676f8d3768e81c1e0ecc16a3a0e6c97b0cc352933267ae00,d_24,4,2020-01-24,103,2.3,False,9.2,5.0,,0.0,False,1
SYN_ITEM1,SYN_B,SYN_D1,SYN_CAT,SYN_STATE,synthetic-fixture,2020-02-12T00:00:00+00:00,16ffff886ee3e173676f8d3768e81c1e0ecc16a3a0e6c97b0cc352933267ae00,d_25,5,2020-01-25,103,2.3,False,11.5,5.0,,0.0,False,1
SYN_ITEM1,SYN_B,SYN_D1,SYN_CAT,SYN_STATE,synthetic-fixture,2020-02-12T00:00:00+00:00,16ffff886ee3e173676f8d3768e81c1e0ecc16a3a0e6c97b0cc352933267ae00,d_26,6,2020-01-26,103,2.3,False,13.799999999999999,5.0,,0.0,False,1
SYN_ITEM1,SYN_B,SYN_D1,SYN_CAT,SYN_STATE,synthetic-fixture,2020-02-12T00:00:00+00:00,16ffff886ee3e173676f8d3768e81c1e0ecc16a3a0e6c97b0cc352933267ae00,d_27,7,2020-01-27,103,2.3,False,16.099999999999998,5.0,,0.0,False,1
SYN_ITEM1,SYN_B,SYN_D1,SYN_CAT,SYN_STATE,synthetic-fixture,2020-02-12T00:00:00+00:00,16ffff886ee3e173676f8d3768e81c1e0ecc16a3a0e6c97b0cc352933267ae00,d_28,8,2020-01-28,103,2.3,False,18.4,5.0,,0.0,False,1
SYN_ITEM1,SYN_B,SYN_D1,SYN_CAT,SYN_STATE,synthetic-fixture,2020-02-12T00:00:00+00:00,16ffff886ee3e173676f8d3768e81c1e0ecc16a3a0e6c97b0cc352933267ae00,d_29,2,2020-01-29,104,2.4,False,4.8,5.0,5.0,4.347826086956526,False,1
SYN_ITEM1,SYN_B,SYN_D1,SYN_CAT,SYN_STATE,synthetic-fixture,2020-02-12T00:00:00+00:00,16ffff886ee3e173676f8d3768e81c1e0ecc16a3a0e6c97b0cc352933267ae00,d_3,4,2020-01-03,100,2.0,False,8.0,,,0.0,False,1
SYN_ITEM1,SYN_B,SYN_D1,SYN_CAT,SYN_STATE,synthetic-fixture,2020-02-12T00:00:00+00:00,16ffff886ee3e173676f8d3768e81c1e0ecc16a3a0e6c97b0cc352933267ae00,d_30,3,2020-01-30,104,2.4,False,7.199999999999999,5.0,5.0,0.0,False,1
SYN_ITEM1,SYN_B,SYN_D1,SYN_CAT,SYN_STATE,synthetic-fixture,2020-02-12T00:00:00+00:00,16ffff886ee3e173676f8d3768e81c1e0ecc16a3a0e6c97b0cc352933267ae00,d_31,4,2020-01-31,104,2.4,False,9.6,5.0,5.0,0.0,False,1
SYN_ITEM1,SYN_B,SYN_D1,SYN_CAT,SYN_STATE,synthetic-fixture,2020-02-12T00:00:00+00:00,16ffff886ee3e173676f8d3768e81c1e0ecc16a3a0e6c97b0cc352933267ae00,d_32,5,2020-02-01,104,2.4,False,12.0,5.0,5.0,0.0,False,1
SYN_ITEM1,SYN_B,SYN_D1,SYN_CAT,SYN_STATE,synthetic-fixture,2020-02-12T00:00:00+00:00,16ffff886ee3e173676f8d3768e81c1e0ecc16a3a0e6c97b0cc352933267ae00,d_33,6,2020-02-02,104,2.4,False,14.399999999999999,5.0,5.0,0.0,False,1
SYN_ITEM1,SYN_B,SYN_D1,SYN_CAT,SYN_STATE,synthetic-fixture,2020-02-12T00:00:00+00:00,16ffff886ee3e173676f8d3768e81c1e0ecc16a3a0e6c97b0cc352933267ae00,d_34,7,2020-02-03,104,2.4,False,16.8,5.0,5.0,0.0,False,1
SYN_ITEM1,SYN_B,SYN_D1,SYN_CAT,SYN_STATE,synthetic-fixture,2020-02-12T00:00:00+00:00,16ffff886ee3e173676f8d3768e81c1e0ecc16a3a0e6c97b0cc352933267ae00,d_35,8,2020-02-04,104,2.4,False,19.2,5.0,5.0,0.0,False,1
SYN_ITEM1,SYN_B,SYN_D1,SYN_CAT,SYN_STATE,synthetic-fixture,2020-02-12T00:00:00+00:00,16ffff886ee3e173676f8d3768e81c1e0ecc16a3a0e6c97b0cc352933267ae00,d_36,2,2020-02-05,105,2.5,False,5.0,5.0,5.0,4.1666666666666705,False,1
SYN_ITEM1,SYN_B,SYN_D1,SYN_CAT,SYN_STATE,synthetic-fixture,2020-02-12T00:00:00+00:00,16ffff886ee3e173676f8d3768e81c1e0ecc16a3a0e6c97b0cc352933267ae00,d_37,3,2020-02-06,105,2.5,False,7.5,5.0,5.0,0.0,False,1
SYN_ITEM1,SYN_B,SYN_D1,SYN_CAT,SYN_STATE,synthetic-fixture,2020-02-12T00:00:00+00:00,16ffff886ee3e173676f8d3768e81c1e0ecc16a3a0e6c97b0cc352933267ae00,d_38,4,2020-02-07,105,2.5,False,10.0,5.0,5.0,0.0,False,1
SYN_ITEM1,SYN_B,SYN_D1,SYN_CAT,SYN_STATE,synthetic-fixture,2020-02-12T00:00:00+00:00,16ffff886ee3e173676f8d3768e81c1e0ecc16a3a0e6c97b0cc352933267ae00,d_39,5,2020-02-08,105,2.5,False,12.5,5.0,5.0,0.0,False,1
SYN_ITEM1,SYN_B,SYN_D1,SYN_CAT,SYN_STATE,synthetic-fixture,2020-02-12T00:00:00+00:00,16ffff886ee3e173676f8d3768e81c1e0ecc16a3a0e6c97b0cc352933267ae00,d_4,5,2020-01-04,100,2.0,False,10.0,,,0.0,False,1
SYN_ITEM1,SYN_B,SYN_D1,SYN_CAT,SYN_STATE,synthetic-fixture,2020-02-12T00:00:00+00:00,16ffff886ee3e173676f8d3768e81c1e0ecc16a3a0e6c97b0cc352933267ae00,d_40,6,2020-02-09,105,2.5,False,15.0,5.0,5.0,0.0,False,1
SYN_ITEM1,SYN_B,SYN_D1,SYN_CAT,SYN_STATE,synthetic-fixture,2020-02-12T00:00:00+00:00,16ffff886ee3e173676f8d3768e81c1e0ecc16a3a0e6c97b0cc352933267ae00,d_41,7,2020-02-10,105,2.5,False,17.5,5.0,5.0,0.0,False,1
SYN_ITEM1,SYN_B,SYN_D1,SYN_CAT,SYN_STATE,synthetic-fixture,2020-02-12T00:00:00+00:00,16ffff886ee3e173676f8d3768e81c1e0ecc16a3a0e6c97b0cc352933267ae00,d_42,8,2020-02-11,105,2.5,False,20.0,5.0,5.0,0.0,False,1
SYN_ITEM1,SYN_B,SYN_D1,SYN_CAT,SYN_STATE,synthetic-fixture,2020-02-12T00:00:00+00:00,16ffff886ee3e173676f8d3768e81c1e0ecc16a3a0e6c97b0cc352933267ae00,d_5,6,2020-01-05,100,2.0,False,12.0,,,0.0,False,1
SYN_ITEM1,SYN_B,SYN_D1,SYN_CAT,SYN_STATE,synthetic-fixture,2020-02-12T00:00:00+00:00,16ffff886ee3e173676f8d3768e81c1e0ecc16a3a0e6c97b0cc352933267ae00,d_6,7,2020-01-06,100,2.0,False,14.0,,,0.0,False,1
SYN_ITEM1,SYN_B,SYN_D1,SYN_CAT,SYN_STATE,synthetic-fixture,2020-02-12T00:00:00+00:00,16ffff886ee3e173676f8d3768e81c1e0ecc16a3a0e6c97b0cc352933267ae00,d_7,8,2020-01-07,100,2.0,False,16.0,,,0.0,False,1
SYN_ITEM1,SYN_B,SYN_D1,SYN_CAT,SYN_STATE,synthetic-fixture,2020-02-12T00:00:00+00:00,16ffff886ee3e173676f8d3768e81c1e0ecc16a3a0e6c97b0cc352933267ae00,d_8,2,2020-01-08,101,2.1,False,4.2,5.0,,5.000000000000004,False,1
SYN_ITEM1,SYN_B,SYN_D1,SYN_CAT,SYN_STATE,synthetic-fixture,2020-02-12T00:00:00+00:00,16ffff886ee3e173676f8d3768e81c1e0ecc16a3a0e6c97b0cc352933267ae00,d_9,3,2020-01-09,101,2.1,False,6.300000000000001,5.0,,0.0,False,1
SYN_ITEM1,SYN_C,SYN_D1,SYN_CAT,SYN_STATE,synthetic-fixture,2020-02-12T00:00:00+00:00,16ffff886ee3e173676f8d3768e81c1e0ecc16a3a0e6c97b0cc352933267ae00,d_1,3,2020-01-01,100,2.0,False,6.0,,,,False,1
SYN_ITEM1,SYN_C,SYN_D1,SYN_CAT,SYN_STATE,synthetic-fixture,2020-02-12T00:00:00+00:00,16ffff886ee3e173676f8d3768e81c1e0ecc16a3a0e6c97b0cc352933267ae00,d_10,5,2020-01-10,101,2.1,False,10.5,6.0,,0.0,False,1
SYN_ITEM1,SYN_C,SYN_D1,SYN_CAT,SYN_STATE,synthetic-fixture,2020-02-12T00:00:00+00:00,16ffff886ee3e173676f8d3768e81c1e0ecc16a3a0e6c97b0cc352933267ae00,d_11,6,2020-01-11,101,2.1,False,12.600000000000001,6.0,,0.0,False,1
SYN_ITEM1,SYN_C,SYN_D1,SYN_CAT,SYN_STATE,synthetic-fixture,2020-02-12T00:00:00+00:00,16ffff886ee3e173676f8d3768e81c1e0ecc16a3a0e6c97b0cc352933267ae00,d_12,7,2020-01-12,101,2.1,False,14.700000000000001,6.0,,0.0,False,1
SYN_ITEM1,SYN_C,SYN_D1,SYN_CAT,SYN_STATE,synthetic-fixture,2020-02-12T00:00:00+00:00,16ffff886ee3e173676f8d3768e81c1e0ecc16a3a0e6c97b0cc352933267ae00,d_13,8,2020-01-13,101,2.1,False,16.8,6.0,,0.0,False,1
SYN_ITEM1,SYN_C,SYN_D1,SYN_CAT,SYN_STATE,synthetic-fixture,2020-02-12T00:00:00+00:00,16ffff886ee3e173676f8d3768e81c1e0ecc16a3a0e6c97b0cc352933267ae00,d_14,9,2020-01-14,101,2.1,False,18.900000000000002,6.0,,0.0,False,1
SYN_ITEM1,SYN_C,SYN_D1,SYN_CAT,SYN_STATE,synthetic-fixture,2020-02-12T00:00:00+00:00,16ffff886ee3e173676f8d3768e81c1e0ecc16a3a0e6c97b0cc352933267ae00,d_15,3,2020-01-15,102,2.2,False,6.6000000000000005,6.0,,4.761904761904766,False,1
SYN_ITEM1,SYN_C,SYN_D1,SYN_CAT,SYN_STATE,synthetic-fixture,2020-02-12T00:00:00+00:00,16ffff886ee3e173676f8d3768e81c1e0ecc16a3a0e6c97b0cc352933267ae00,d_16,4,2020-01-16,102,2.2,False,8.8,6.0,,0.0,False,1
SYN_ITEM1,SYN_C,SYN_D1,SYN_CAT,SYN_STATE,synthetic-fixture,2020-02-12T00:00:00+00:00,16ffff886ee3e173676f8d3768e81c1e0ecc16a3a0e6c97b0cc352933267ae00,d_17,5,2020-01-17,102,2.2,False,11.0,6.0,,0.0,False,1
SYN_ITEM1,SYN_C,SYN_D1,SYN_CAT,SYN_STATE,synthetic-fixture,2020-02-12T00:00:00+00:00,16ffff886ee3e173676f8d3768e81c1e0ecc16a3a0e6c97b0cc352933267ae00,d_18,6,2020-01-18,102,2.2,False,13.200000000000001,6.0,,0.0,False,1
SYN_ITEM1,SYN_C,SYN_D1,SYN_CAT,SYN_STATE,synthetic-fixture,2020-02-12T00:00:00+00:00,16ffff886ee3e173676f8d3768e81c1e0ecc16a3a0e6c97b0cc352933267ae00,d_19,7,2020-01-19,102,2.2,False,15.400000000000002,6.0,,0.0,False,1
SYN_ITEM1,SYN_C,SYN_D1,SYN_CAT,SYN_STATE,synthetic-fixture,2020-02-12T00:00:00+00:00,16ffff886ee3e173676f8d3768e81c1e0ecc16a3a0e6c97b0cc352933267ae00,d_2,4,2020-01-02,100,2.0,False,8.0,,,0.0,False,1
SYN_ITEM1,SYN_C,SYN_D1,SYN_CAT,SYN_STATE,synthetic-fixture,2020-02-12T00:00:00+00:00,16ffff886ee3e173676f8d3768e81c1e0ecc16a3a0e6c97b0cc352933267ae00,d_20,8,2020-01-20,102,2.2,False,17.6,6.0,,0.0,False,1
SYN_ITEM1,SYN_C,SYN_D1,SYN_CAT,SYN_STATE,synthetic-fixture,2020-02-12T00:00:00+00:00,16ffff886ee3e173676f8d3768e81c1e0ecc16a3a0e6c97b0cc352933267ae00,d_21,9,2020-01-21,102,2.2,False,19.8,6.0,,0.0,False,1
SYN_ITEM1,SYN_C,SYN_D1,SYN_CAT,SYN_STATE,synthetic-fixture,2020-02-12T00:00:00+00:00,16ffff886ee3e173676f8d3768e81c1e0ecc16a3a0e6c97b0cc352933267ae00,d_22,3,2020-01-22,103,2.3,False,6.8999999999999995,6.0,,4.545454545454529,False,1
SYN_ITEM1,SYN_C,SYN_D1,SYN_CAT,SYN_STATE,synthetic-fixture,2020-02-12T00:00:00+00:00,16ffff886ee3e173676f8d3768e81c1e0ecc16a3a0e6c97b0cc352933267ae00,d_23,4,2020-01-23,103,2.3,False,9.2,6.0,,0.0,False,1
SYN_ITEM1,SYN_C,SYN_D1,SYN_CAT,SYN_STATE,synthetic-fixture,2020-02-12T00:00:00+00:00,16ffff886ee3e173676f8d3768e81c1e0ecc16a3a0e6c97b0cc352933267ae00,d_24,5,2020-01-24,103,2.3,False,11.5,6.0,,0.0,False,1
SYN_ITEM1,SYN_C,SYN_D1,SYN_CAT,SYN_STATE,synthetic-fixture,2020-02-12T00:00:00+00:00,16ffff886ee3e173676f8d3768e81c1e0ecc16a3a0e6c97b0cc352933267ae00,d_25,6,2020-01-25,103,2.3,False,13.799999999999999,6.0,,0.0,False,1
SYN_ITEM1,SYN_C,SYN_D1,SYN_CAT,SYN_STATE,synthetic-fixture,2020-02-12T00:00:00+00:00,16ffff886ee3e173676f8d3768e81c1e0ecc16a3a0e6c97b0cc352933267ae00,d_26,7,2020-01-26,103,2.3,False,16.099999999999998,6.0,,0.0,False,1
SYN_ITEM1,SYN_C,SYN_D1,SYN_CAT,SYN_STATE,synthetic-fixture,2020-02-12T00:00:00+00:00,16ffff886ee3e173676f8d3768e81c1e0ecc16a3a0e6c97b0cc352933267ae00,d_27,8,2020-01-27,103,2.3,False,18.4,6.0,,0.0,False,1
SYN_ITEM1,SYN_C,SYN_D1,SYN_CAT,SYN_STATE,synthetic-fixture,2020-02-12T00:00:00+00:00,16ffff886ee3e173676f8d3768e81c1e0ecc16a3a0e6c97b0cc352933267ae00,d_28,9,2020-01-28,103,2.3,False,20.7,6.0,,0.0,False,1
SYN_ITEM1,SYN_C,SYN_D1,SYN_CAT,SYN_STATE,synthetic-fixture,2020-02-12T00:00:00+00:00,16ffff886ee3e173676f8d3768e81c1e0ecc16a3a0e6c97b0cc352933267ae00,d_29,3,2020-01-29,104,2.4,False,7.199999999999999,6.0,6.0,4.347826086956526,False,1
SYN_ITEM1,SYN_C,SYN_D1,SYN_CAT,SYN_STATE,synthetic-fixture,2020-02-12T00:00:00+00:00,16ffff886ee3e173676f8d3768e81c1e0ecc16a3a0e6c97b0cc352933267ae00,d_3,5,2020-01-03,100,2.0,False,10.0,,,0.0,False,1
SYN_ITEM1,SYN_C,SYN_D1,SYN_CAT,SYN_STATE,synthetic-fixture,2020-02-12T00:00:00+00:00,16ffff886ee3e173676f8d3768e81c1e0ecc16a3a0e6c97b0cc352933267ae00,d_30,4,2020-01-30,104,2.4,False,9.6,6.0,6.0,0.0,False,1
SYN_ITEM1,SYN_C,SYN_D1,SYN_CAT,SYN_STATE,synthetic-fixture,2020-02-12T00:00:00+00:00,16ffff886ee3e173676f8d3768e81c1e0ecc16a3a0e6c97b0cc352933267ae00,d_31,5,2020-01-31,104,2.4,False,12.0,6.0,6.0,0.0,False,1
SYN_ITEM1,SYN_C,SYN_D1,SYN_CAT,SYN_STATE,synthetic-fixture,2020-02-12T00:00:00+00:00,16ffff886ee3e173676f8d3768e81c1e0ecc16a3a0e6c97b0cc352933267ae00,d_32,6,2020-02-01,104,2.4,False,14.399999999999999,6.0,6.0,0.0,False,1
SYN_ITEM1,SYN_C,SYN_D1,SYN_CAT,SYN_STATE,synthetic-fixture,2020-02-12T00:00:00+00:00,16ffff886ee3e173676f8d3768e81c1e0ecc16a3a0e6c97b0cc352933267ae00,d_33,7,2020-02-02,104,2.4,False,16.8,6.0,6.0,0.0,False,1
SYN_ITEM1,SYN_C,SYN_D1,SYN_CAT,SYN_STATE,synthetic-fixture,2020-02-12T00:00:00+00:00,16ffff886ee3e173676f8d3768e81c1e0ecc16a3a0e6c97b0cc352933267ae00,d_34,8,2020-02-03,104,2.4,False,19.2,6.0,6.0,0.0,False,1
SYN_ITEM1,SYN_C,SYN_D1,SYN_CAT,SYN_STATE,synthetic-fixture,2020-02-12T00:00:00+00:00,16ffff886ee3e173676f8d3768e81c1e0ecc16a3a0e6c97b0cc352933267ae00,d_35,9,2020-02-04,104,2.4,False,21.599999999999998,6.0,6.0,0.0,False,1
SYN_ITEM1,SYN_C,SYN_D1,SYN_CAT,SYN_STATE,synthetic-fixture,2020-02-12T00:00:00+00:00,16ffff886ee3e173676f8d3768e81c1e0ecc16a3a0e6c97b0cc352933267ae00,d_36,3,2020-02-05,105,2.5,False,7.5,6.0,6.0,4.1666666666666705,False,1
SYN_ITEM1,SYN_C,SYN_D1,SYN_CAT,SYN_STATE,synthetic-fixture,2020-02-12T00:00:00+00:00,16ffff886ee3e173676f8d3768e81c1e0ecc16a3a0e6c97b0cc352933267ae00,d_37,4,2020-02-06,105,2.5,False,10.0,6.0,6.0,0.0,False,1
SYN_ITEM1,SYN_C,SYN_D1,SYN_CAT,SYN_STATE,synthetic-fixture,2020-02-12T00:00:00+00:00,16ffff886ee3e173676f8d3768e81c1e0ecc16a3a0e6c97b0cc352933267ae00,d_38,5,2020-02-07,105,2.5,False,12.5,6.0,6.0,0.0,False,1
SYN_ITEM1,SYN_C,SYN_D1,SYN_CAT,SYN_STATE,synthetic-fixture,2020-02-12T00:00:00+00:00,16ffff886ee3e173676f8d3768e81c1e0ecc16a3a0e6c97b0cc352933267ae00,d_39,6,2020-02-08,105,2.5,False,15.0,6.0,6.0,0.0,False,1
SYN_ITEM1,SYN_C,SYN_D1,SYN_CAT,SYN_STATE,synthetic-fixture,2020-02-12T00:00:00+00:00,16ffff886ee3e173676f8d3768e81c1e0ecc16a3a0e6c97b0cc352933267ae00,d_4,6,2020-01-04,100,2.0,False,12.0,,,0.0,False,1
SYN_ITEM1,SYN_C,SYN_D1,SYN_CAT,SYN_STATE,synthetic-fixture,2020-02-12T00:00:00+00:00,16ffff886ee3e173676f8d3768e81c1e0ecc16a3a0e6c97b0cc352933267ae00,d_40,7,2020-02-09,105,2.5,False,17.5,6.0,6.0,0.0,False,1
SYN_ITEM1,SYN_C,SYN_D1,SYN_CAT,SYN_STATE,synthetic-fixture,2020-02-12T00:00:00+00:00,16ffff886ee3e173676f8d3768e81c1e0ecc16a3a0e6c97b0cc352933267ae00,d_41,8,2020-02-10,105,2.5,False,20.0,6.0,6.0,0.0,False,1
SYN_ITEM1,SYN_C,SYN_D1,SYN_CAT,SYN_STATE,synthetic-fixture,2020-02-12T00:00:00+00:00,16ffff886ee3e173676f8d3768e81c1e0ecc16a3a0e6c97b0cc352933267ae00,d_42,9,2020-02-11,105,2.5,False,22.5,6.0,6.0,0.0,False,1
SYN_ITEM1,SYN_C,SYN_D1,SYN_CAT,SYN_STATE,synthetic-fixture,2020-02-12T00:00:00+00:00,16ffff886ee3e173676f8d3768e81c1e0ecc16a3a0e6c97b0cc352933267ae00,d_5,7,2020-01-05,100,2.0,False,14.0,,,0.0,False,1
SYN_ITEM1,SYN_C,SYN_D1,SYN_CAT,SYN_STATE,synthetic-fixture,2020-02-12T00:00:00+00:00,16ffff886ee3e173676f8d3768e81c1e0ecc16a3a0e6c97b0cc352933267ae00,d_6,8,2020-01-06,100,2.0,False,16.0,,,0.0,False,1
SYN_ITEM1,SYN_C,SYN_D1,SYN_CAT,SYN_STATE,synthetic-fixture,2020-02-12T00:00:00+00:00,16ffff886ee3e173676f8d3768e81c1e0ecc16a3a0e6c97b0cc352933267ae00,d_7,9,2020-01-07,100,2.0,False,18.0,,,0.0,False,1
SYN_ITEM1,SYN_C,SYN_D1,SYN_CAT,SYN_STATE,synthetic-fixture,2020-02-12T00:00:00+00:00,16ffff886ee3e173676f8d3768e81c1e0ecc16a3a0e6c97b0cc352933267ae00,d_8,3,2020-01-08,101,2.1,False,6.300000000000001,6.0,,5.000000000000004,False,1
SYN_ITEM1,SYN_C,SYN_D1,SYN_CAT,SYN_STATE,synthetic-fixture,2020-02-12T00:00:00+00:00,16ffff886ee3e173676f8d3768e81c1e0ecc16a3a0e6c97b0cc352933267ae00,d_9,4,2020-01-09,101,2.1,False,8.4,6.0,,0.0,False,1
SYN_ITEM2,SYN_A,SYN_D2,SYN_CAT,SYN_STATE,synthetic-fixture,2020-02-12T00:00:00+00:00,16ffff886ee3e173676f8d3768e81c1e0ecc16a3a0e6c97b0cc352933267ae00,d_1,2,2020-01-01,100,3.0,False,6.0,,,,False,1
SYN_ITEM2,SYN_A,SYN_D2,SYN_CAT,SYN_STATE,synthetic-fixture,2020-02-12T00:00:00+00:00,16ffff886ee3e173676f8d3768e81c1e0ecc16a3a0e6c97b0cc352933267ae00,d_10,4,2020-01-10,101,3.1,False,12.4,5.0,,0.0,False,1
SYN_ITEM2,SYN_A,SYN_D2,SYN_CAT,SYN_STATE,synthetic-fixture,2020-02-12T00:00:00+00:00,16ffff886ee3e173676f8d3768e81c1e0ecc16a3a0e6c97b0cc352933267ae00,d_11,5,2020-01-11,101,3.1,False,15.5,5.0,,0.0,False,1
SYN_ITEM2,SYN_A,SYN_D2,SYN_CAT,SYN_STATE,synthetic-fixture,2020-02-12T00:00:00+00:00,16ffff886ee3e173676f8d3768e81c1e0ecc16a3a0e6c97b0cc352933267ae00,d_12,6,2020-01-12,101,3.1,False,18.6,5.0,,0.0,False,1
SYN_ITEM2,SYN_A,SYN_D2,SYN_CAT,SYN_STATE,synthetic-fixture,2020-02-12T00:00:00+00:00,16ffff886ee3e173676f8d3768e81c1e0ecc16a3a0e6c97b0cc352933267ae00,d_13,7,2020-01-13,101,3.1,False,21.7,5.0,,0.0,False,1
SYN_ITEM2,SYN_A,SYN_D2,SYN_CAT,SYN_STATE,synthetic-fixture,2020-02-12T00:00:00+00:00,16ffff886ee3e173676f8d3768e81c1e0ecc16a3a0e6c97b0cc352933267ae00,d_14,8,2020-01-14,101,3.1,False,24.8,5.0,,0.0,False,1
SYN_ITEM2,SYN_A,SYN_D2,SYN_CAT,SYN_STATE,synthetic-fixture,2020-02-12T00:00:00+00:00,16ffff886ee3e173676f8d3768e81c1e0ecc16a3a0e6c97b0cc352933267ae00,d_15,2,2020-01-15,102,3.2,False,6.4,5.0,,3.225806451612906,False,1
SYN_ITEM2,SYN_A,SYN_D2,SYN_CAT,SYN_STATE,synthetic-fixture,2020-02-12T00:00:00+00:00,16ffff886ee3e173676f8d3768e81c1e0ecc16a3a0e6c97b0cc352933267ae00,d_16,3,2020-01-16,102,3.2,False,9.600000000000001,5.0,,0.0,False,1
SYN_ITEM2,SYN_A,SYN_D2,SYN_CAT,SYN_STATE,synthetic-fixture,2020-02-12T00:00:00+00:00,16ffff886ee3e173676f8d3768e81c1e0ecc16a3a0e6c97b0cc352933267ae00,d_17,4,2020-01-17,102,3.2,False,12.8,5.0,,0.0,False,1
SYN_ITEM2,SYN_A,SYN_D2,SYN_CAT,SYN_STATE,synthetic-fixture,2020-02-12T00:00:00+00:00,16ffff886ee3e173676f8d3768e81c1e0ecc16a3a0e6c97b0cc352933267ae00,d_18,5,2020-01-18,102,3.2,False,16.0,5.0,,0.0,False,1
SYN_ITEM2,SYN_A,SYN_D2,SYN_CAT,SYN_STATE,synthetic-fixture,2020-02-12T00:00:00+00:00,16ffff886ee3e173676f8d3768e81c1e0ecc16a3a0e6c97b0cc352933267ae00,d_19,6,2020-01-19,102,3.2,False,19.200000000000003,5.0,,0.0,False,1
SYN_ITEM2,SYN_A,SYN_D2,SYN_CAT,SYN_STATE,synthetic-fixture,2020-02-12T00:00:00+00:00,16ffff886ee3e173676f8d3768e81c1e0ecc16a3a0e6c97b0cc352933267ae00,d_2,3,2020-01-02,100,3.0,False,9.0,,,0.0,False,1
SYN_ITEM2,SYN_A,SYN_D2,SYN_CAT,SYN_STATE,synthetic-fixture,2020-02-12T00:00:00+00:00,16ffff886ee3e173676f8d3768e81c1e0ecc16a3a0e6c97b0cc352933267ae00,d_20,7,2020-01-20,102,3.2,False,22.400000000000002,5.0,,0.0,False,1
SYN_ITEM2,SYN_A,SYN_D2,SYN_CAT,SYN_STATE,synthetic-fixture,2020-02-12T00:00:00+00:00,16ffff886ee3e173676f8d3768e81c1e0ecc16a3a0e6c97b0cc352933267ae00,d_21,8,2020-01-21,102,3.2,False,25.6,5.0,,0.0,False,1
SYN_ITEM2,SYN_A,SYN_D2,SYN_CAT,SYN_STATE,synthetic-fixture,2020-02-12T00:00:00+00:00,16ffff886ee3e173676f8d3768e81c1e0ecc16a3a0e6c97b0cc352933267ae00,d_22,2,2020-01-22,103,3.3,False,6.6,5.0,,3.124999999999989,False,1
SYN_ITEM2,SYN_A,SYN_D2,SYN_CAT,SYN_STATE,synthetic-fixture,2020-02-12T00:00:00+00:00,16ffff886ee3e173676f8d3768e81c1e0ecc16a3a0e6c97b0cc352933267ae00,d_23,3,2020-01-23,103,3.3,False,9.899999999999999,5.0,,0.0,False,1
SYN_ITEM2,SYN_A,SYN_D2,SYN_CAT,SYN_STATE,synthetic-fixture,2020-02-12T00:00:00+00:00,16ffff886ee3e173676f8d3768e81c1e0ecc16a3a0e6c97b0cc352933267ae00,d_24,4,2020-01-24,103,3.3,False,13.2,5.0,,0.0,False,1
SYN_ITEM2,SYN_A,SYN_D2,SYN_CAT,SYN_STATE,synthetic-fixture,2020-02-12T00:00:00+00:00,16ffff886ee3e173676f8d3768e81c1e0ecc16a3a0e6c97b0cc352933267ae00,d_25,5,2020-01-25,103,3.3,False,16.5,5.0,,0.0,False,1
SYN_ITEM2,SYN_A,SYN_D2,SYN_CAT,SYN_STATE,synthetic-fixture,2020-02-12T00:00:00+00:00,16ffff886ee3e173676f8d3768e81c1e0ecc16a3a0e6c97b0cc352933267ae00,d_26,6,2020-01-26,103,3.3,False,19.799999999999997,5.0,,0.0,False,1
SYN_ITEM2,SYN_A,SYN_D2,SYN_CAT,SYN_STATE,synthetic-fixture,2020-02-12T00:00:00+00:00,16ffff886ee3e173676f8d3768e81c1e0ecc16a3a0e6c97b0cc352933267ae00,d_27,7,2020-01-27,103,3.3,False,23.099999999999998,5.0,,0.0,False,1
SYN_ITEM2,SYN_A,SYN_D2,SYN_CAT,SYN_STATE,synthetic-fixture,2020-02-12T00:00:00+00:00,16ffff886ee3e173676f8d3768e81c1e0ecc16a3a0e6c97b0cc352933267ae00,d_28,8,2020-01-28,103,3.3,False,26.4,5.0,,0.0,False,1
SYN_ITEM2,SYN_A,SYN_D2,SYN_CAT,SYN_STATE,synthetic-fixture,2020-02-12T00:00:00+00:00,16ffff886ee3e173676f8d3768e81c1e0ecc16a3a0e6c97b0cc352933267ae00,d_29,2,2020-01-29,104,3.4,False,6.8,5.0,5.0,3.030303030303033,False,1
SYN_ITEM2,SYN_A,SYN_D2,SYN_CAT,SYN_STATE,synthetic-fixture,2020-02-12T00:00:00+00:00,16ffff886ee3e173676f8d3768e81c1e0ecc16a3a0e6c97b0cc352933267ae00,d_3,4,2020-01-03,100,3.0,False,12.0,,,0.0,False,1
SYN_ITEM2,SYN_A,SYN_D2,SYN_CAT,SYN_STATE,synthetic-fixture,2020-02-12T00:00:00+00:00,16ffff886ee3e173676f8d3768e81c1e0ecc16a3a0e6c97b0cc352933267ae00,d_30,3,2020-01-30,104,3.4,False,10.2,5.0,5.0,0.0,False,1
SYN_ITEM2,SYN_A,SYN_D2,SYN_CAT,SYN_STATE,synthetic-fixture,2020-02-12T00:00:00+00:00,16ffff886ee3e173676f8d3768e81c1e0ecc16a3a0e6c97b0cc352933267ae00,d_31,4,2020-01-31,104,3.4,False,13.6,5.0,5.0,0.0,False,1
SYN_ITEM2,SYN_A,SYN_D2,SYN_CAT,SYN_STATE,synthetic-fixture,2020-02-12T00:00:00+00:00,16ffff886ee3e173676f8d3768e81c1e0ecc16a3a0e6c97b0cc352933267ae00,d_32,5,2020-02-01,104,3.4,False,17.0,5.0,5.0,0.0,False,1
SYN_ITEM2,SYN_A,SYN_D2,SYN_CAT,SYN_STATE,synthetic-fixture,2020-02-12T00:00:00+00:00,16ffff886ee3e173676f8d3768e81c1e0ecc16a3a0e6c97b0cc352933267ae00,d_33,6,2020-02-02,104,3.4,False,20.4,5.0,5.0,0.0,False,1
SYN_ITEM2,SYN_A,SYN_D2,SYN_CAT,SYN_STATE,synthetic-fixture,2020-02-12T00:00:00+00:00,16ffff886ee3e173676f8d3768e81c1e0ecc16a3a0e6c97b0cc352933267ae00,d_34,7,2020-02-03,104,3.4,False,23.8,5.0,5.0,0.0,False,1
SYN_ITEM2,SYN_A,SYN_D2,SYN_CAT,SYN_STATE,synthetic-fixture,2020-02-12T00:00:00+00:00,16ffff886ee3e173676f8d3768e81c1e0ecc16a3a0e6c97b0cc352933267ae00,d_35,8,2020-02-04,104,3.4,False,27.2,5.0,5.0,0.0,False,1
SYN_ITEM2,SYN_A,SYN_D2,SYN_CAT,SYN_STATE,synthetic-fixture,2020-02-12T00:00:00+00:00,16ffff886ee3e173676f8d3768e81c1e0ecc16a3a0e6c97b0cc352933267ae00,d_36,2,2020-02-05,105,3.5,False,7.0,5.0,5.0,2.941176470588238,False,1
SYN_ITEM2,SYN_A,SYN_D2,SYN_CAT,SYN_STATE,synthetic-fixture,2020-02-12T00:00:00+00:00,16ffff886ee3e173676f8d3768e81c1e0ecc16a3a0e6c97b0cc352933267ae00,d_37,3,2020-02-06,105,3.5,False,10.5,5.0,5.0,0.0,False,1
SYN_ITEM2,SYN_A,SYN_D2,SYN_CAT,SYN_STATE,synthetic-fixture,2020-02-12T00:00:00+00:00,16ffff886ee3e173676f8d3768e81c1e0ecc16a3a0e6c97b0cc352933267ae00,d_38,4,2020-02-07,105,3.5,False,14.0,5.0,5.0,0.0,False,1
SYN_ITEM2,SYN_A,SYN_D2,SYN_CAT,SYN_STATE,synthetic-fixture,2020-02-12T00:00:00+00:00,16ffff886ee3e173676f8d3768e81c1e0ecc16a3a0e6c97b0cc352933267ae00,d_39,5,2020-02-08,105,3.5,False,17.5,5.0,5.0,0.0,False,1
SYN_ITEM2,SYN_A,SYN_D2,SYN_CAT,SYN_STATE,synthetic-fixture,2020-02-12T00:00:00+00:00,16ffff886ee3e173676f8d3768e81c1e0ecc16a3a0e6c97b0cc352933267ae00,d_4,5,2020-01-04,100,3.0,False,15.0,,,0.0,False,1
SYN_ITEM2,SYN_A,SYN_D2,SYN_CAT,SYN_STATE,synthetic-fixture,2020-02-12T00:00:00+00:00,16ffff886ee3e173676f8d3768e81c1e0ecc16a3a0e6c97b0cc352933267ae00,d_40,6,2020-02-09,105,3.5,False,21.0,5.0,5.0,0.0,False,1
SYN_ITEM2,SYN_A,SYN_D2,SYN_CAT,SYN_STATE,synthetic-fixture,2020-02-12T00:00:00+00:00,16ffff886ee3e173676f8d3768e81c1e0ecc16a3a0e6c97b0cc352933267ae00,d_41,7,2020-02-10,105,3.5,False,24.5,5.0,5.0,0.0,False,1
SYN_ITEM2,SYN_A,SYN_D2,SYN_CAT,SYN_STATE,synthetic-fixture,2020-02-12T00:00:00+00:00,16ffff886ee3e173676f8d3768e81c1e0ecc16a3a0e6c97b0cc352933267ae00,d_42,8,2020-02-11,105,3.5,False,28.0,5.0,5.0,0.0,False,1
SYN_ITEM2,SYN_A,SYN_D2,SYN_CAT,SYN_STATE,synthetic-fixture,2020-02-12T00:00:00+00:00,16ffff886ee3e173676f8d3768e81c1e0ecc16a3a0e6c97b0cc352933267ae00,d_5,6,2020-01-05,100,3.0,False,18.0,,,0.0,False,1
SYN_ITEM2,SYN_A,SYN_D2,SYN_CAT,SYN_STATE,synthetic-fixture,2020-02-12T00:00:00+00:00,16ffff886ee3e173676f8d3768e81c1e0ecc16a3a0e6c97b0cc352933267ae00,d_6,7,2020-01-06,100,3.0,False,21.0,,,0.0,False,1
SYN_ITEM2,SYN_A,SYN_D2,SYN_CAT,SYN_STATE,synthetic-fixture,2020-02-12T00:00:00+00:00,16ffff886ee3e173676f8d3768e81c1e0ecc16a3a0e6c97b0cc352933267ae00,d_7,8,2020-01-07,100,3.0,False,24.0,,,0.0,False,1
SYN_ITEM2,SYN_A,SYN_D2,SYN_CAT,SYN_STATE,synthetic-fixture,2020-02-12T00:00:00+00:00,16ffff886ee3e173676f8d3768e81c1e0ecc16a3a0e6c97b0cc352933267ae00,d_8,2,2020-01-08,101,3.1,False,6.2,5.0,,3.333333333333336,False,1
SYN_ITEM2,SYN_A,SYN_D2,SYN_CAT,SYN_STATE,synthetic-fixture,2020-02-12T00:00:00+00:00,16ffff886ee3e173676f8d3768e81c1e0ecc16a3a0e6c97b0cc352933267ae00,d_9,3,2020-01-09,101,3.1,False,9.3,5.0,,0.0,False,1
SYN_ITEM2,SYN_B,SYN_D2,SYN_CAT,SYN_STATE,synthetic-fixture,2020-02-12T00:00:00+00:00,16ffff886ee3e173676f8d3768e81c1e0ecc16a3a0e6c97b0cc352933267ae00,d_1,3,2020-01-01,100,3.0,False,9.0,,,,False,1
SYN_ITEM2,SYN_B,SYN_D2,SYN_CAT,SYN_STATE,synthetic-fixture,2020-02-12T00:00:00+00:00,16ffff886ee3e173676f8d3768e81c1e0ecc16a3a0e6c97b0cc352933267ae00,d_10,5,2020-01-10,101,3.1,False,15.5,6.0,,0.0,False,1
SYN_ITEM2,SYN_B,SYN_D2,SYN_CAT,SYN_STATE,synthetic-fixture,2020-02-12T00:00:00+00:00,16ffff886ee3e173676f8d3768e81c1e0ecc16a3a0e6c97b0cc352933267ae00,d_11,6,2020-01-11,101,3.1,False,18.6,6.0,,0.0,False,1
SYN_ITEM2,SYN_B,SYN_D2,SYN_CAT,SYN_STATE,synthetic-fixture,2020-02-12T00:00:00+00:00,16ffff886ee3e173676f8d3768e81c1e0ecc16a3a0e6c97b0cc352933267ae00,d_12,7,2020-01-12,101,3.1,False,21.7,6.0,,0.0,False,1
SYN_ITEM2,SYN_B,SYN_D2,SYN_CAT,SYN_STATE,synthetic-fixture,2020-02-12T00:00:00+00:00,16ffff886ee3e173676f8d3768e81c1e0ecc16a3a0e6c97b0cc352933267ae00,d_13,8,2020-01-13,101,3.1,False,24.8,6.0,,0.0,False,1
SYN_ITEM2,SYN_B,SYN_D2,SYN_CAT,SYN_STATE,synthetic-fixture,2020-02-12T00:00:00+00:00,16ffff886ee3e173676f8d3768e81c1e0ecc16a3a0e6c97b0cc352933267ae00,d_14,9,2020-01-14,101,3.1,False,27.900000000000002,6.0,,0.0,False,1
SYN_ITEM2,SYN_B,SYN_D2,SYN_CAT,SYN_STATE,synthetic-fixture,2020-02-12T00:00:00+00:00,16ffff886ee3e173676f8d3768e81c1e0ecc16a3a0e6c97b0cc352933267ae00,d_15,3,2020-01-15,102,3.2,False,9.600000000000001,6.0,,3.225806451612906,False,1
SYN_ITEM2,SYN_B,SYN_D2,SYN_CAT,SYN_STATE,synthetic-fixture,2020-02-12T00:00:00+00:00,16ffff886ee3e173676f8d3768e81c1e0ecc16a3a0e6c97b0cc352933267ae00,d_16,4,2020-01-16,102,3.2,False,12.8,6.0,,0.0,False,1
SYN_ITEM2,SYN_B,SYN_D2,SYN_CAT,SYN_STATE,synthetic-fixture,2020-02-12T00:00:00+00:00,16ffff886ee3e173676f8d3768e81c1e0ecc16a3a0e6c97b0cc352933267ae00,d_17,5,2020-01-17,102,3.2,False,16.0,6.0,,0.0,False,1
SYN_ITEM2,SYN_B,SYN_D2,SYN_CAT,SYN_STATE,synthetic-fixture,2020-02-12T00:00:00+00:00,16ffff886ee3e173676f8d3768e81c1e0ecc16a3a0e6c97b0cc352933267ae00,d_18,6,2020-01-18,102,3.2,False,19.200000000000003,6.0,,0.0,False,1
SYN_ITEM2,SYN_B,SYN_D2,SYN_CAT,SYN_STATE,synthetic-fixture,2020-02-12T00:00:00+00:00,16ffff886ee3e173676f8d3768e81c1e0ecc16a3a0e6c97b0cc352933267ae00,d_19,7,2020-01-19,102,3.2,False,22.400000000000002,6.0,,0.0,False,1
SYN_ITEM2,SYN_B,SYN_D2,SYN_CAT,SYN_STATE,synthetic-fixture,2020-02-12T00:00:00+00:00,16ffff886ee3e173676f8d3768e81c1e0ecc16a3a0e6c97b0cc352933267ae00,d_2,4,2020-01-02,100,3.0,False,12.0,,,0.0,False,1
SYN_ITEM2,SYN_B,SYN_D2,SYN_CAT,SYN_STATE,synthetic-fixture,2020-02-12T00:00:00+00:00,16ffff886ee3e173676f8d3768e81c1e0ecc16a3a0e6c97b0cc352933267ae00,d_20,8,2020-01-20,102,3.2,False,25.6,6.0,,0.0,False,1
SYN_ITEM2,SYN_B,SYN_D2,SYN_CAT,SYN_STATE,synthetic-fixture,2020-02-12T00:00:00+00:00,16ffff886ee3e173676f8d3768e81c1e0ecc16a3a0e6c97b0cc352933267ae00,d_21,9,2020-01-21,102,3.2,False,28.8,6.0,,0.0,False,1
SYN_ITEM2,SYN_B,SYN_D2,SYN_CAT,SYN_STATE,synthetic-fixture,2020-02-12T00:00:00+00:00,16ffff886ee3e173676f8d3768e81c1e0ecc16a3a0e6c97b0cc352933267ae00,d_22,3,2020-01-22,103,3.3,False,9.899999999999999,6.0,,3.124999999999989,False,1
SYN_ITEM2,SYN_B,SYN_D2,SYN_CAT,SYN_STATE,synthetic-fixture,2020-02-12T00:00:00+00:00,16ffff886ee3e173676f8d3768e81c1e0ecc16a3a0e6c97b0cc352933267ae00,d_23,4,2020-01-23,103,3.3,False,13.2,6.0,,0.0,False,1
SYN_ITEM2,SYN_B,SYN_D2,SYN_CAT,SYN_STATE,synthetic-fixture,2020-02-12T00:00:00+00:00,16ffff886ee3e173676f8d3768e81c1e0ecc16a3a0e6c97b0cc352933267ae00,d_24,5,2020-01-24,103,3.3,False,16.5,6.0,,0.0,False,1
SYN_ITEM2,SYN_B,SYN_D2,SYN_CAT,SYN_STATE,synthetic-fixture,2020-02-12T00:00:00+00:00,16ffff886ee3e173676f8d3768e81c1e0ecc16a3a0e6c97b0cc352933267ae00,d_25,6,2020-01-25,103,3.3,False,19.799999999999997,6.0,,0.0,False,1
SYN_ITEM2,SYN_B,SYN_D2,SYN_CAT,SYN_STATE,synthetic-fixture,2020-02-12T00:00:00+00:00,16ffff886ee3e173676f8d3768e81c1e0ecc16a3a0e6c97b0cc352933267ae00,d_26,7,2020-01-26,103,3.3,False,23.099999999999998,6.0,,0.0,False,1
SYN_ITEM2,SYN_B,SYN_D2,SYN_CAT,SYN_STATE,synthetic-fixture,2020-02-12T00:00:00+00:00,16ffff886ee3e173676f8d3768e81c1e0ecc16a3a0e6c97b0cc352933267ae00,d_27,8,2020-01-27,103,3.3,False,26.4,6.0,,0.0,False,1
SYN_ITEM2,SYN_B,SYN_D2,SYN_CAT,SYN_STATE,synthetic-fixture,2020-02-12T00:00:00+00:00,16ffff886ee3e173676f8d3768e81c1e0ecc16a3a0e6c97b0cc352933267ae00,d_28,9,2020-01-28,103,3.3,False,29.7,6.0,,0.0,False,1
SYN_ITEM2,SYN_B,SYN_D2,SYN_CAT,SYN_STATE,synthetic-fixture,2020-02-12T00:00:00+00:00,16ffff886ee3e173676f8d3768e81c1e0ecc16a3a0e6c97b0cc352933267ae00,d_29,3,2020-01-29,104,3.4,False,10.2,6.0,6.0,3.030303030303033,False,1
SYN_ITEM2,SYN_B,SYN_D2,SYN_CAT,SYN_STATE,synthetic-fixture,2020-02-12T00:00:00+00:00,16ffff886ee3e173676f8d3768e81c1e0ecc16a3a0e6c97b0cc352933267ae00,d_3,5,2020-01-03,100,3.0,False,15.0,,,0.0,False,1
SYN_ITEM2,SYN_B,SYN_D2,SYN_CAT,SYN_STATE,synthetic-fixture,2020-02-12T00:00:00+00:00,16ffff886ee3e173676f8d3768e81c1e0ecc16a3a0e6c97b0cc352933267ae00,d_30,4,2020-01-30,104,3.4,False,13.6,6.0,6.0,0.0,False,1
SYN_ITEM2,SYN_B,SYN_D2,SYN_CAT,SYN_STATE,synthetic-fixture,2020-02-12T00:00:00+00:00,16ffff886ee3e173676f8d3768e81c1e0ecc16a3a0e6c97b0cc352933267ae00,d_31,5,2020-01-31,104,3.4,False,17.0,6.0,6.0,0.0,False,1
SYN_ITEM2,SYN_B,SYN_D2,SYN_CAT,SYN_STATE,synthetic-fixture,2020-02-12T00:00:00+00:00,16ffff886ee3e173676f8d3768e81c1e0ecc16a3a0e6c97b0cc352933267ae00,d_32,6,2020-02-01,104,3.4,False,20.4,6.0,6.0,0.0,False,1
SYN_ITEM2,SYN_B,SYN_D2,SYN_CAT,SYN_STATE,synthetic-fixture,2020-02-12T00:00:00+00:00,16ffff886ee3e173676f8d3768e81c1e0ecc16a3a0e6c97b0cc352933267ae00,d_33,7,2020-02-02,104,3.4,False,23.8,6.0,6.0,0.0,False,1
SYN_ITEM2,SYN_B,SYN_D2,SYN_CAT,SYN_STATE,synthetic-fixture,2020-02-12T00:00:00+00:00,16ffff886ee3e173676f8d3768e81c1e0ecc16a3a0e6c97b0cc352933267ae00,d_34,8,2020-02-03,104,3.4,False,27.2,6.0,6.0,0.0,False,1
SYN_ITEM2,SYN_B,SYN_D2,SYN_CAT,SYN_STATE,synthetic-fixture,2020-02-12T00:00:00+00:00,16ffff886ee3e173676f8d3768e81c1e0ecc16a3a0e6c97b0cc352933267ae00,d_35,9,2020-02-04,104,3.4,False,30.599999999999998,6.0,6.0,0.0,False,1
SYN_ITEM2,SYN_B,SYN_D2,SYN_CAT,SYN_STATE,synthetic-fixture,2020-02-12T00:00:00+00:00,16ffff886ee3e173676f8d3768e81c1e0ecc16a3a0e6c97b0cc352933267ae00,d_36,3,2020-02-05,105,3.5,False,10.5,6.0,6.0,2.941176470588238,False,1
SYN_ITEM2,SYN_B,SYN_D2,SYN_CAT,SYN_STATE,synthetic-fixture,2020-02-12T00:00:00+00:00,16ffff886ee3e173676f8d3768e81c1e0ecc16a3a0e6c97b0cc352933267ae00,d_37,4,2020-02-06,105,3.5,False,14.0,6.0,6.0,0.0,False,1
SYN_ITEM2,SYN_B,SYN_D2,SYN_CAT,SYN_STATE,synthetic-fixture,2020-02-12T00:00:00+00:00,16ffff886ee3e173676f8d3768e81c1e0ecc16a3a0e6c97b0cc352933267ae00,d_38,5,2020-02-07,105,3.5,False,17.5,6.0,6.0,0.0,False,1
SYN_ITEM2,SYN_B,SYN_D2,SYN_CAT,SYN_STATE,synthetic-fixture,2020-02-12T00:00:00+00:00,16ffff886ee3e173676f8d3768e81c1e0ecc16a3a0e6c97b0cc352933267ae00,d_39,6,2020-02-08,105,3.5,False,21.0,6.0,6.0,0.0,False,1
SYN_ITEM2,SYN_B,SYN_D2,SYN_CAT,SYN_STATE,synthetic-fixture,2020-02-12T00:00:00+00:00,16ffff886ee3e173676f8d3768e81c1e0ecc16a3a0e6c97b0cc352933267ae00,d_4,6,2020-01-04,100,3.0,False,18.0,,,0.0,False,1
SYN_ITEM2,SYN_B,SYN_D2,SYN_CAT,SYN_STATE,synthetic-fixture,2020-02-12T00:00:00+00:00,16ffff886ee3e173676f8d3768e81c1e0ecc16a3a0e6c97b0cc352933267ae00,d_40,7,2020-02-09,105,3.5,False,24.5,6.0,6.0,0.0,False,1
SYN_ITEM2,SYN_B,SYN_D2,SYN_CAT,SYN_STATE,synthetic-fixture,2020-02-12T00:00:00+00:00,16ffff886ee3e173676f8d3768e81c1e0ecc16a3a0e6c97b0cc352933267ae00,d_41,8,2020-02-10,105,3.5,False,28.0,6.0,6.0,0.0,False,1
SYN_ITEM2,SYN_B,SYN_D2,SYN_CAT,SYN_STATE,synthetic-fixture,2020-02-12T00:00:00+00:00,16ffff886ee3e173676f8d3768e81c1e0ecc16a3a0e6c97b0cc352933267ae00,d_42,9,2020-02-11,105,3.5,False,31.5,6.0,6.0,0.0,False,1
SYN_ITEM2,SYN_B,SYN_D2,SYN_CAT,SYN_STATE,synthetic-fixture,2020-02-12T00:00:00+00:00,16ffff886ee3e173676f8d3768e81c1e0ecc16a3a0e6c97b0cc352933267ae00,d_5,7,2020-01-05,100,3.0,False,21.0,,,0.0,False,1
SYN_ITEM2,SYN_B,SYN_D2,SYN_CAT,SYN_STATE,synthetic-fixture,2020-02-12T00:00:00+00:00,16ffff886ee3e173676f8d3768e81c1e0ecc16a3a0e6c97b0cc352933267ae00,d_6,8,2020-01-06,100,3.0,False,24.0,,,0.0,False,1
SYN_ITEM2,SYN_B,SYN_D2,SYN_CAT,SYN_STATE,synthetic-fixture,2020-02-12T00:00:00+00:00,16ffff886ee3e173676f8d3768e81c1e0ecc16a3a0e6c97b0cc352933267ae00,d_7,9,2020-01-07,100,3.0,False,27.0,,,0.0,False,1
SYN_ITEM2,SYN_B,SYN_D2,SYN_CAT,SYN_STATE,synthetic-fixture,2020-02-12T00:00:00+00:00,16ffff886ee3e173676f8d3768e81c1e0ecc16a3a0e6c97b0cc352933267ae00,d_8,3,2020-01-08,101,3.1,False,9.3,6.0,,3.333333333333336,False,1
SYN_ITEM2,SYN_B,SYN_D2,SYN_CAT,SYN_STATE,synthetic-fixture,2020-02-12T00:00:00+00:00,16ffff886ee3e173676f8d3768e81c1e0ecc16a3a0e6c97b0cc352933267ae00,d_9,4,2020-01-09,101,3.1,False,12.4,6.0,,0.0,False,1
SYN_ITEM2,SYN_C,SYN_D2,SYN_CAT,SYN_STATE,synthetic-fixture,2020-02-12T00:00:00+00:00,16ffff886ee3e173676f8d3768e81c1e0ecc16a3a0e6c97b0cc352933267ae00,d_1,4,2020-01-01,100,3.0,False,12.0,,,,False,1
SYN_ITEM2,SYN_C,SYN_D2,SYN_CAT,SYN_STATE,synthetic-fixture,2020-02-12T00:00:00+00:00,16ffff886ee3e173676f8d3768e81c1e0ecc16a3a0e6c97b0cc352933267ae00,d_10,6,2020-01-10,101,3.1,False,18.6,7.0,,0.0,False,1
SYN_ITEM2,SYN_C,SYN_D2,SYN_CAT,SYN_STATE,synthetic-fixture,2020-02-12T00:00:00+00:00,16ffff886ee3e173676f8d3768e81c1e0ecc16a3a0e6c97b0cc352933267ae00,d_11,7,2020-01-11,101,3.1,False,21.7,7.0,,0.0,False,1
SYN_ITEM2,SYN_C,SYN_D2,SYN_CAT,SYN_STATE,synthetic-fixture,2020-02-12T00:00:00+00:00,16ffff886ee3e173676f8d3768e81c1e0ecc16a3a0e6c97b0cc352933267ae00,d_12,8,2020-01-12,101,3.1,False,24.8,7.0,,0.0,False,1
SYN_ITEM2,SYN_C,SYN_D2,SYN_CAT,SYN_STATE,synthetic-fixture,2020-02-12T00:00:00+00:00,16ffff886ee3e173676f8d3768e81c1e0ecc16a3a0e6c97b0cc352933267ae00,d_13,9,2020-01-13,101,3.1,False,27.900000000000002,7.0,,0.0,False,1
SYN_ITEM2,SYN_C,SYN_D2,SYN_CAT,SYN_STATE,synthetic-fixture,2020-02-12T00:00:00+00:00,16ffff886ee3e173676f8d3768e81c1e0ecc16a3a0e6c97b0cc352933267ae00,d_14,10,2020-01-14,101,3.1,False,31.0,7.0,,0.0,False,1
SYN_ITEM2,SYN_C,SYN_D2,SYN_CAT,SYN_STATE,synthetic-fixture,2020-02-12T00:00:00+00:00,16ffff886ee3e173676f8d3768e81c1e0ecc16a3a0e6c97b0cc352933267ae00,d_15,4,2020-01-15,102,3.2,False,12.8,7.0,,3.225806451612906,False,1
SYN_ITEM2,SYN_C,SYN_D2,SYN_CAT,SYN_STATE,synthetic-fixture,2020-02-12T00:00:00+00:00,16ffff886ee3e173676f8d3768e81c1e0ecc16a3a0e6c97b0cc352933267ae00,d_16,5,2020-01-16,102,3.2,False,16.0,7.0,,0.0,False,1
SYN_ITEM2,SYN_C,SYN_D2,SYN_CAT,SYN_STATE,synthetic-fixture,2020-02-12T00:00:00+00:00,16ffff886ee3e173676f8d3768e81c1e0ecc16a3a0e6c97b0cc352933267ae00,d_17,6,2020-01-17,102,3.2,False,19.200000000000003,7.0,,0.0,False,1
SYN_ITEM2,SYN_C,SYN_D2,SYN_CAT,SYN_STATE,synthetic-fixture,2020-02-12T00:00:00+00:00,16ffff886ee3e173676f8d3768e81c1e0ecc16a3a0e6c97b0cc352933267ae00,d_18,7,2020-01-18,102,3.2,False,22.400000000000002,7.0,,0.0,False,1
SYN_ITEM2,SYN_C,SYN_D2,SYN_CAT,SYN_STATE,synthetic-fixture,2020-02-12T00:00:00+00:00,16ffff886ee3e173676f8d3768e81c1e0ecc16a3a0e6c97b0cc352933267ae00,d_19,8,2020-01-19,102,3.2,False,25.6,7.0,,0.0,False,1
SYN_ITEM2,SYN_C,SYN_D2,SYN_CAT,SYN_STATE,synthetic-fixture,2020-02-12T00:00:00+00:00,16ffff886ee3e173676f8d3768e81c1e0ecc16a3a0e6c97b0cc352933267ae00,d_2,5,2020-01-02,100,3.0,False,15.0,,,0.0,False,1
SYN_ITEM2,SYN_C,SYN_D2,SYN_CAT,SYN_STATE,synthetic-fixture,2020-02-12T00:00:00+00:00,16ffff886ee3e173676f8d3768e81c1e0ecc16a3a0e6c97b0cc352933267ae00,d_20,9,2020-01-20,102,3.2,False,28.8,7.0,,0.0,False,1
SYN_ITEM2,SYN_C,SYN_D2,SYN_CAT,SYN_STATE,synthetic-fixture,2020-02-12T00:00:00+00:00,16ffff886ee3e173676f8d3768e81c1e0ecc16a3a0e6c97b0cc352933267ae00,d_21,10,2020-01-21,102,3.2,False,32.0,7.0,,0.0,False,1
SYN_ITEM2,SYN_C,SYN_D2,SYN_CAT,SYN_STATE,synthetic-fixture,2020-02-12T00:00:00+00:00,16ffff886ee3e173676f8d3768e81c1e0ecc16a3a0e6c97b0cc352933267ae00,d_22,4,2020-01-22,103,3.3,False,13.2,7.0,,3.124999999999989,False,1
SYN_ITEM2,SYN_C,SYN_D2,SYN_CAT,SYN_STATE,synthetic-fixture,2020-02-12T00:00:00+00:00,16ffff886ee3e173676f8d3768e81c1e0ecc16a3a0e6c97b0cc352933267ae00,d_23,5,2020-01-23,103,3.3,False,16.5,7.0,,0.0,False,1
SYN_ITEM2,SYN_C,SYN_D2,SYN_CAT,SYN_STATE,synthetic-fixture,2020-02-12T00:00:00+00:00,16ffff886ee3e173676f8d3768e81c1e0ecc16a3a0e6c97b0cc352933267ae00,d_24,6,2020-01-24,103,3.3,False,19.799999999999997,7.0,,0.0,False,1
SYN_ITEM2,SYN_C,SYN_D2,SYN_CAT,SYN_STATE,synthetic-fixture,2020-02-12T00:00:00+00:00,16ffff886ee3e173676f8d3768e81c1e0ecc16a3a0e6c97b0cc352933267ae00,d_25,7,2020-01-25,103,3.3,False,23.099999999999998,7.0,,0.0,False,1
SYN_ITEM2,SYN_C,SYN_D2,SYN_CAT,SYN_STATE,synthetic-fixture,2020-02-12T00:00:00+00:00,16ffff886ee3e173676f8d3768e81c1e0ecc16a3a0e6c97b0cc352933267ae00,d_26,8,2020-01-26,103,3.3,False,26.4,7.0,,0.0,False,1
SYN_ITEM2,SYN_C,SYN_D2,SYN_CAT,SYN_STATE,synthetic-fixture,2020-02-12T00:00:00+00:00,16ffff886ee3e173676f8d3768e81c1e0ecc16a3a0e6c97b0cc352933267ae00,d_27,9,2020-01-27,103,3.3,False,29.7,7.0,,0.0,False,1
SYN_ITEM2,SYN_C,SYN_D2,SYN_CAT,SYN_STATE,synthetic-fixture,2020-02-12T00:00:00+00:00,16ffff886ee3e173676f8d3768e81c1e0ecc16a3a0e6c97b0cc352933267ae00,d_28,10,2020-01-28,103,3.3,False,33.0,7.0,,0.0,False,1
SYN_ITEM2,SYN_C,SYN_D2,SYN_CAT,SYN_STATE,synthetic-fixture,2020-02-12T00:00:00+00:00,16ffff886ee3e173676f8d3768e81c1e0ecc16a3a0e6c97b0cc352933267ae00,d_29,4,2020-01-29,104,3.4,False,13.6,7.0,7.0,3.030303030303033,False,1
SYN_ITEM2,SYN_C,SYN_D2,SYN_CAT,SYN_STATE,synthetic-fixture,2020-02-12T00:00:00+00:00,16ffff886ee3e173676f8d3768e81c1e0ecc16a3a0e6c97b0cc352933267ae00,d_3,6,2020-01-03,100,3.0,False,18.0,,,0.0,False,1
SYN_ITEM2,SYN_C,SYN_D2,SYN_CAT,SYN_STATE,synthetic-fixture,2020-02-12T00:00:00+00:00,16ffff886ee3e173676f8d3768e81c1e0ecc16a3a0e6c97b0cc352933267ae00,d_30,5,2020-01-30,104,3.4,False,17.0,7.0,7.0,0.0,False,1
SYN_ITEM2,SYN_C,SYN_D2,SYN_CAT,SYN_STATE,synthetic-fixture,2020-02-12T00:00:00+00:00,16ffff886ee3e173676f8d3768e81c1e0ecc16a3a0e6c97b0cc352933267ae00,d_31,6,2020-01-31,104,3.4,False,20.4,7.0,7.0,0.0,False,1
SYN_ITEM2,SYN_C,SYN_D2,SYN_CAT,SYN_STATE,synthetic-fixture,2020-02-12T00:00:00+00:00,16ffff886ee3e173676f8d3768e81c1e0ecc16a3a0e6c97b0cc352933267ae00,d_32,7,2020-02-01,104,3.4,False,23.8,7.0,7.0,0.0,False,1
SYN_ITEM2,SYN_C,SYN_D2,SYN_CAT,SYN_STATE,synthetic-fixture,2020-02-12T00:00:00+00:00,16ffff886ee3e173676f8d3768e81c1e0ecc16a3a0e6c97b0cc352933267ae00,d_33,8,2020-02-02,104,3.4,False,27.2,7.0,7.0,0.0,False,1
SYN_ITEM2,SYN_C,SYN_D2,SYN_CAT,SYN_STATE,synthetic-fixture,2020-02-12T00:00:00+00:00,16ffff886ee3e173676f8d3768e81c1e0ecc16a3a0e6c97b0cc352933267ae00,d_34,9,2020-02-03,104,3.4,False,30.599999999999998,7.0,7.0,0.0,False,1
SYN_ITEM2,SYN_C,SYN_D2,SYN_CAT,SYN_STATE,synthetic-fixture,2020-02-12T00:00:00+00:00,16ffff886ee3e173676f8d3768e81c1e0ecc16a3a0e6c97b0cc352933267ae00,d_35,10,2020-02-04,104,3.4,False,34.0,7.0,7.0,0.0,False,1
SYN_ITEM2,SYN_C,SYN_D2,SYN_CAT,SYN_STATE,synthetic-fixture,2020-02-12T00:00:00+00:00,16ffff886ee3e173676f8d3768e81c1e0ecc16a3a0e6c97b0cc352933267ae00,d_36,4,2020-02-05,105,3.5,False,14.0,7.0,7.0,2.941176470588238,False,1
SYN_ITEM2,SYN_C,SYN_D2,SYN_CAT,SYN_STATE,synthetic-fixture,2020-02-12T00:00:00+00:00,16ffff886ee3e173676f8d3768e81c1e0ecc16a3a0e6c97b0cc352933267ae00,d_37,5,2020-02-06,105,3.5,False,17.5,7.0,7.0,0.0,False,1
SYN_ITEM2,SYN_C,SYN_D2,SYN_CAT,SYN_STATE,synthetic-fixture,2020-02-12T00:00:00+00:00,16ffff886ee3e173676f8d3768e81c1e0ecc16a3a0e6c97b0cc352933267ae00,d_38,6,2020-02-07,105,3.5,False,21.0,7.0,7.0,0.0,False,1
SYN_ITEM2,SYN_C,SYN_D2,SYN_CAT,SYN_STATE,synthetic-fixture,2020-02-12T00:00:00+00:00,16ffff886ee3e173676f8d3768e81c1e0ecc16a3a0e6c97b0cc352933267ae00,d_39,7,2020-02-08,105,3.5,False,24.5,7.0,7.0,0.0,False,1
SYN_ITEM2,SYN_C,SYN_D2,SYN_CAT,SYN_STATE,synthetic-fixture,2020-02-12T00:00:00+00:00,16ffff886ee3e173676f8d3768e81c1e0ecc16a3a0e6c97b0cc352933267ae00,d_4,7,2020-01-04,100,3.0,False,21.0,,,0.0,False,1
SYN_ITEM2,SYN_C,SYN_D2,SYN_CAT,SYN_STATE,synthetic-fixture,2020-02-12T00:00:00+00:00,16ffff886ee3e173676f8d3768e81c1e0ecc16a3a0e6c97b0cc352933267ae00,d_40,8,2020-02-09,105,3.5,False,28.0,7.0,7.0,0.0,False,1
SYN_ITEM2,SYN_C,SYN_D2,SYN_CAT,SYN_STATE,synthetic-fixture,2020-02-12T00:00:00+00:00,16ffff886ee3e173676f8d3768e81c1e0ecc16a3a0e6c97b0cc352933267ae00,d_41,9,2020-02-10,105,3.5,False,31.5,7.0,7.0,0.0,False,1
SYN_ITEM2,SYN_C,SYN_D2,SYN_CAT,SYN_STATE,synthetic-fixture,2020-02-12T00:00:00+00:00,16ffff886ee3e173676f8d3768e81c1e0ecc16a3a0e6c97b0cc352933267ae00,d_42,10,2020-02-11,105,3.5,False,35.0,7.0,7.0,0.0,False,1
SYN_ITEM2,SYN_C,SYN_D2,SYN_CAT,SYN_STATE,synthetic-fixture,2020-02-12T00:00:00+00:00,16ffff886ee3e173676f8d3768e81c1e0ecc16a3a0e6c97b0cc352933267ae00,d_5,8,2020-01-05,100,3.0,False,24.0,,,0.0,False,1
SYN_ITEM2,SYN_C,SYN_D2,SYN_CAT,SYN_STATE,synthetic-fixture,2020-02-12T00:00:00+00:00,16ffff886ee3e173676f8d3768e81c1e0ecc16a3a0e6c97b0cc352933267ae00,d_6,9,2020-01-06,100,3.0,False,27.0,,,0.0,False,1
SYN_ITEM2,SYN_C,SYN_D2,SYN_CAT,SYN_STATE,synthetic-fixture,2020-02-12T00:00:00+00:00,16ffff886ee3e173676f8d3768e81c1e0ecc16a3a0e6c97b0cc352933267ae00,d_7,10,2020-01-07,100,3.0,False,30.0,,,0.0,False,1
SYN_ITEM2,SYN_C,SYN_D2,SYN_CAT,SYN_STATE,synthetic-fixture,2020-02-12T00:00:00+00:00,16ffff886ee3e173676f8d3768e81c1e0ecc16a3a0e6c97b0cc352933267ae00,d_8,4,2020-01-08,101,3.1,False,12.4,7.0,,3.333333333333336,False,1
SYN_ITEM2,SYN_C,SYN_D2,SYN_CAT,SYN_STATE,synthetic-fixture,2020-02-12T00:00:00+00:00,16ffff886ee3e173676f8d3768e81c1e0ecc16a3a0e6c97b0cc352933267ae00,d_9,5,2020-01-09,101,3.1,False,15.5,7.0,,0.0,False,1
